subcategoria,id,categoria
conciertos festivales,281,Arte y cultura
conciertos festivales,281,Vida nocturna
conciertos festivales,219,Arte y cultura
conciertos festivales,219,Vida nocturna
conciertos festivales,322,Arte y cultura
conciertos festivales,322,Vida nocturna
conciertos festivales,36,Arte y cultura
conciertos festivales,36,Vida nocturna
conciertos festivales,303,Arte y cultura
conciertos festivales,303,Vida nocturna
conciertos festivales,132,Arte y cultura
conciertos festivales,132,Vida nocturna
conciertos festivales,204,Arte y cultura
conciertos festivales,204,Vida nocturna
conciertos festivales,292,Arte y cultura
conciertos festivales,292,Vida nocturna
conciertos festivales,230,Arte y cultura
conciertos festivales,230,Vida nocturna
conciertos festivales,259,Arte y cultura
conciertos festivales,259,Vida nocturna
conciertos festivales,15,Arte y cultura
conciertos festivales,15,Vida nocturna
conciertos festivales,331,Arte y cultura
conciertos festivales,331,Vida nocturna
conciertos festivales,307,Arte y cultura
conciertos festivales,307,Vida nocturna
conciertos festivales,319,Arte y cultura
conciertos festivales,319,Vida nocturna
conciertos festivales,333,Arte y cultura
conciertos festivales,333,Vida nocturna
conciertos festivales,335,Arte y cultura
conciertos festivales,335,Vida nocturna
conciertos festivales,338,Arte y cultura
conciertos festivales,338,Vida nocturna
conciertos festivales,323,Arte y cultura
conciertos festivales,323,Vida nocturna
conciertos festivales,257,Arte y cultura
conciertos festivales,257,Vida nocturna
conciertos festivales,26,Arte y cultura
conciertos festivales,26,Vida nocturna
conciertos festivales,10,Arte y cultura
conciertos festivales,10,Vida nocturna
conciertos festivales,157,Arte y cultura
conciertos festivales,157,Vida nocturna
conciertos festivales,254,Arte y cultura
conciertos festivales,254,Vida nocturna
conciertos festivales,256,Arte y cultura
conciertos festivales,256,Vida nocturna
conciertos festivales,253,Arte y cultura
conciertos festivales,253,Vida nocturna
conciertos festivales,255,Arte y cultura
conciertos festivales,255,Vida nocturna
conciertos festivales,258,Arte y cultura
conciertos festivales,258,Vida nocturna
conciertos festivales,114,Arte y cultura
conciertos festivales,114,Vida nocturna
conciertos festivales,324,Arte y cultura
conciertos festivales,324,Vida nocturna
conciertos festivales,397,Arte y cultura
conciertos festivales,397,Vida nocturna
conciertos festivales,341,Arte y cultura
conciertos festivales,341,Vida nocturna
conciertos festivales,278,Arte y cultura
conciertos festivales,278,Vida nocturna
conciertos festivales,24,Arte y cultura
conciertos festivales,24,Vida nocturna
conciertos festivales,234,Arte y cultura
conciertos festivales,234,Vida nocturna
conciertos festivales,193,Arte y cultura
conciertos festivales,193,Vida nocturna
conciertos festivales,328,Arte y cultura
conciertos festivales,328,Vida nocturna
conciertos festivales,167,Arte y cultura
conciertos festivales,167,Vida nocturna
conciertos festivales,453,Arte y cultura
conciertos festivales,453,Vida nocturna
conciertos festivales,44,Arte y cultura
conciertos festivales,44,Vida nocturna
conciertos festivales,454,Arte y cultura
conciertos festivales,454,Vida nocturna
conciertos festivales,222,Arte y cultura
conciertos festivales,222,Vida nocturna
cultura arte moda,236,Arte y cultura
cultura arte moda,240,Arte y cultura
cultura arte moda,316,Arte y cultura
cultura arte moda,169,Arte y cultura
cultura arte moda,282,Arte y cultura
cultura arte moda,68,Arte y cultura
cultura arte moda,435,Arte y cultura
cultura arte moda,318,Arte y cultura
cultura arte moda,5,Arte y cultura
cultura arte moda,305,Arte y cultura
cultura arte moda,110,Arte y cultura
cultura arte moda,143,Arte y cultura
cultura arte moda,195,Arte y cultura
cultura arte moda,136,Arte y cultura
cultura arte moda,302,Arte y cultura
cultura arte moda,304,Arte y cultura
cultura arte moda,312,Arte y cultura
cultura arte moda,194,Arte y cultura
cultura arte moda,336,Arte y cultura
cultura arte moda,339,Arte y cultura
cultura arte moda,132,Arte y cultura
cultura arte moda,211,Arte y cultura
cultura arte moda,22,Arte y cultura
cultura arte moda,289,Arte y cultura
cultura arte moda,29,Arte y cultura
cultura arte moda,196,Arte y cultura
cultura arte moda,246,Arte y cultura
cultura arte moda,238,Arte y cultura
cultura arte moda,455,Arte y cultura
cultura arte moda,21,Arte y cultura
cultura arte moda,457,Arte y cultura
cultura arte moda,126,Arte y cultura
cultura arte moda,149,Arte y cultura
cultura arte moda,117,Arte y cultura
cultura arte moda,65,Arte y cultura
cultura arte moda,175,Arte y cultura
cultura arte moda,109,Arte y cultura
cultura arte moda,250,Arte y cultura
cultura arte moda,30,Arte y cultura
cultura arte moda,172,Arte y cultura
cultura arte moda,130,Arte y cultura
cultura arte moda,74,Arte y cultura
cultura arte moda,309,Arte y cultura
cultura arte moda,235,Arte y cultura
cultura arte moda,67,Arte y cultura
cultura arte moda,0,Arte y cultura
cultura arte moda,118,Arte y cultura
cultura arte moda,28,Arte y cultura
cultura arte moda,82,Arte y cultura
cultura arte moda,142,Arte y cultura
cultura arte moda,270,Arte y cultura
cultura arte moda,271,Arte y cultura
cultura arte moda,123,Arte y cultura
cultura arte moda,89,Arte y cultura
cultura arte moda,299,Arte y cultura
cultura arte moda,113,Arte y cultura
cultura arte moda,112,Arte y cultura
cultura arte moda,310,Arte y cultura
cultura arte moda,39,Arte y cultura
cultura arte moda,135,Arte y cultura
cultura arte moda,232,Arte y cultura
cultura arte moda,208,Arte y cultura
cultura arte moda,66,Arte y cultura
cultura arte moda,448,Arte y cultura
cultura arte moda,308,Arte y cultura
cultura arte moda,72,Arte y cultura
cultura arte moda,463,Arte y cultura
cultura arte moda,168,Arte y cultura
cultura arte moda,226,Arte y cultura
cultura arte moda,209,Arte y cultura
cultura arte moda,249,Arte y cultura
cultura arte moda,150,Arte y cultura
cultura arte moda,35,Arte y cultura
cultura arte moda,348,Arte y cultura
cultura arte moda,225,Arte y cultura
cultura arte moda,298,Arte y cultura
cultura arte moda,430,Arte y cultura
terrazas y rooftops,405,Gastronomía
terrazas y rooftops,43,Gastronomía
terrazas y rooftops,442,Gastronomía
terrazas y rooftops,62,Gastronomía
terrazas y rooftops,382,Gastronomía
terrazas y rooftops,20,Gastronomía
terrazas y rooftops,420,Gastronomía
terrazas y rooftops,375,Gastronomía
terrazas y rooftops,61,Gastronomía
terrazas y rooftops,407,Gastronomía
terrazas y rooftops,58,Gastronomía
terrazas y rooftops,80,Gastronomía
terrazas y rooftops,59,Gastronomía
terrazas y rooftops,60,Gastronomía
terrazas y rooftops,408,Gastronomía
vida nocturna clubs,6,Vida nocturna
vida nocturna clubs,141,Vida nocturna
vida nocturna clubs,428,Vida nocturna
vida nocturna clubs,286,Vida nocturna
vida nocturna clubs,334,Vida nocturna
vida nocturna clubs,269,Vida nocturna
vida nocturna clubs,156,Vida nocturna
vida nocturna clubs,284,Vida nocturna
vida nocturna clubs,283,Vida nocturna
vida nocturna clubs,152,Vida nocturna
vida nocturna clubs,317,Vida nocturna
vida nocturna clubs,274,Vida nocturna
vida nocturna clubs,4,Vida nocturna
vida nocturna clubs,155,Vida nocturna
vida nocturna clubs,227,Vida nocturna
vida nocturna clubs,409,Vida nocturna
vida nocturna clubs,15,Vida nocturna
vida nocturna clubs,201,Vida nocturna
vida nocturna clubs,273,Vida nocturna
vida nocturna clubs,276,Vida nocturna
vida nocturna clubs,401,Vida nocturna
vida nocturna clubs,296,Vida nocturna
vida nocturna clubs,173,Vida nocturna
vida nocturna clubs,335,Vida nocturna
vida nocturna clubs,211,Vida nocturna
vida nocturna clubs,158,Vida nocturna
vida nocturna clubs,330,Vida nocturna
vida nocturna clubs,251,Vida nocturna
vida nocturna clubs,26,Vida nocturna
vida nocturna clubs,162,Vida nocturna
vida nocturna clubs,314,Vida nocturna
vida nocturna clubs,277,Vida nocturna
vida nocturna clubs,237,Vida nocturna
vida nocturna clubs,216,Vida nocturna
vida nocturna clubs,311,Vida nocturna
vida nocturna clubs,8,Vida nocturna
vida nocturna clubs,272,Vida nocturna
vida nocturna clubs,287,Vida nocturna
vida nocturna clubs,191,Vida nocturna
vida nocturna clubs,197,Vida nocturna
vida nocturna clubs,170,Vida nocturna
vida nocturna clubs,262,Vida nocturna
vida nocturna clubs,345,Vida nocturna
vida nocturna clubs,347,Vida nocturna
fabrik,286,Vida nocturna
fabrik,284,Vida nocturna
fabrik,283,Vida nocturna
fabrik,227,Vida nocturna
fabrik,273,Vida nocturna
fabrik,296,Vida nocturna
fabrik,277,Vida nocturna
monologos,388,Arte y cultura
monologos,386,Arte y cultura
monologos,337,Arte y cultura
monologos,248,Arte y cultura
monologos,338,Arte y cultura
monologos,340,Arte y cultura
monologos,212,Arte y cultura
monologos,456,Arte y cultura
monologos,385,Arte y cultura
monologos,90,Arte y cultura
monologos,282,Arte y cultura
monologos,306,Arte y cultura
monologos,261,Arte y cultura
monologos,164,Arte y cultura
monologos,217,Arte y cultura
monologos,207,Arte y cultura
monologos,97,Arte y cultura
monologos,349,Arte y cultura
monologos,115,Arte y cultura
parque atracciones,55,Entretenimiento
parque atracciones,54,Entretenimiento
parque atracciones,38,Entretenimiento
brunch,473,Gastronomía
brunch,405,Gastronomía
brunch,34,Gastronomía
brunch,428,Gastronomía
brunch,213,Gastronomía
brunch,426,Gastronomía
brunch,202,Gastronomía
brunch,96,Gastronomía
brunch,43,Gastronomía
brunch,245,Gastronomía
brunch,442,Gastronomía
brunch,81,Gastronomía
brunch,174,Gastronomía
brunch,265,Gastronomía
brunch,433,Gastronomía
brunch,19,Gastronomía
brunch,416,Gastronomía
brunch,88,Gastronomía
brunch,96,Gastronomía
brunch,220,Gastronomía
brunch,315,Gastronomía
brunch,20,Gastronomía
brunch,452,Gastronomía
brunch,75,Gastronomía
brunch,313,Gastronomía
brunch,468,Gastronomía
brunch,418,Gastronomía
brunch,444,Gastronomía
brunch,419,Gastronomía
brunch,426,Gastronomía
brunch,166,Gastronomía
brunch,133,Gastronomía
brunch,356,Gastronomía
brunch,391,Gastronomía
brunch,121,Gastronomía
brunch,134,Gastronomía
brunch,417,Gastronomía
brunch,459,Gastronomía
brunch,105,Gastronomía
deportes aventura,329,Deporte y actividad física
deportes aventura,449,Deporte y actividad física
deportes aventura,25,Deporte y actividad física
deportes aventura,239,Deporte y actividad física
deportes aventura,243,Deporte y actividad física
deportes aventura,117,Deporte y actividad física
deportes aventura,45,Deporte y actividad física
deportes aventura,471,Deporte y actividad física
deportes aventura,392,Deporte y actividad física
deportes aventura,443,Deporte y actividad física
deportes aventura,413,Deporte y actividad física
deportes aventura,92,Deporte y actividad física
deportes aventura,414,Deporte y actividad física
deportes aventura,378,Deporte y actividad física
deportes aventura,451,Deporte y actividad física
deportes aventura,93,Deporte y actividad física
deportes aventura,415,Deporte y actividad física
deportes aventura,91,Deporte y actividad física
teatro eslava,156,Vida nocturna
teatro eslava,53,Vida nocturna
teatro eslava,152,Vida nocturna
teatro eslava,157,Vida nocturna
teatro eslava,193,Vida nocturna
musicales,312,Arte y cultura
musicales,339,Arte y cultura
musicales,457,Arte y cultura
musicales,250,Arte y cultura
musicales,5,Arte y cultura
musicales,130,Arte y cultura
musicales,232,Arte y cultura
musicales,316,Arte y cultura
exposiciones,240,Arte y cultura
exposiciones,236,Arte y cultura
exposiciones,169,Arte y cultura
exposiciones,29,Arte y cultura
exposiciones,22,Arte y cultura
actividades juegos,42,Entretenimiento
actividades juegos,239,Entretenimiento
actividades juegos,414,Entretenimiento
actividades juegos,325,Entretenimiento
actividades juegos,378,Entretenimiento
actividades juegos,221,Entretenimiento
actividades juegos,329,Entretenimiento
actividades juegos,169,Entretenimiento
actividades juegos,247,Entretenimiento
actividades juegos,55,Entretenimiento
actividades juegos,427,Entretenimiento
actividades juegos,451,Entretenimiento
actividades juegos,479,Entretenimiento
actividades juegos,280,Entretenimiento
actividades juegos,54,Entretenimiento
actividades juegos,38,Entretenimiento
actividades juegos,171,Entretenimiento
actividades juegos,93,Entretenimiento
actividades juegos,199,Entretenimiento
actividades juegos,25,Entretenimiento
actividades juegos,243,Entretenimiento
actividades juegos,117,Entretenimiento
actividades juegos,224,Entretenimiento
actividades juegos,233,Entretenimiento
actividades juegos,45,Entretenimiento
actividades juegos,137,Entretenimiento
actividades juegos,471,Entretenimiento
actividades juegos,279,Entretenimiento
actividades juegos,192,Entretenimiento
actividades juegos,127,Entretenimiento
actividades juegos,263,Entretenimiento
actividades juegos,392,Entretenimiento
actividades juegos,215,Entretenimiento
actividades juegos,445,Entretenimiento
actividades juegos,413,Entretenimiento
actividades juegos,92,Entretenimiento
actividades juegos,464,Entretenimiento
actividades juegos,64,Entretenimiento
actividades juegos,398,Entretenimiento
actividades juegos,371,Entretenimiento
actividades juegos,409,Entretenimiento
actividades juegos,415,Entretenimiento
actividades juegos,474,Entretenimiento
actividades juegos,465,Entretenimiento
actividades juegos,446,Entretenimiento
actividades juegos,370,Entretenimiento
actividades juegos,91,Entretenimiento
actividades juegos,372,Entretenimiento
actividades juegos,449,Entretenimiento
gastronomia,291,Gastronomía
gastronomia,183,Gastronomía
gastronomia,269,Gastronomía
gastronomia,405,Gastronomía
gastronomia,317,Gastronomía
gastronomia,33,Gastronomía
gastronomia,221,Gastronomía
gastronomia,34,Gastronomía
gastronomia,428,Gastronomía
gastronomia,384,Gastronomía
gastronomia,76,Gastronomía
gastronomia,460,Gastronomía
gastronomia,276,Gastronomía
gastronomia,213,Gastronomía
gastronomia,202,Gastronomía
gastronomia,43,Gastronomía
gastronomia,403,Gastronomía
gastronomia,78,Gastronomía
gastronomia,53,Gastronomía
gastronomia,245,Gastronomía
gastronomia,128,Gastronomía
gastronomia,196,Gastronomía
gastronomia,121,Gastronomía
gastronomia,399,Gastronomía
gastronomia,442,Gastronomía
gastronomia,81,Gastronomía
gastronomia,31,Gastronomía
gastronomia,382,Gastronomía
gastronomia,242,Gastronomía
gastronomia,14,Gastronomía
gastronomia,174,Gastronomía
gastronomia,153,Gastronomía
gastronomia,159,Gastronomía
gastronomia,5,Gastronomía
gastronomia,265,Gastronomía
gastronomia,190,Gastronomía
gastronomia,181,Gastronomía
gastronomia,417,Gastronomía
gastronomia,264,Gastronomía
gastronomia,111,Gastronomía
gastronomia,433,Gastronomía
gastronomia,177,Gastronomía
gastronomia,358,Gastronomía
gastronomia,126,Gastronomía
gastronomia,56,Gastronomía
gastronomia,19,Gastronomía
gastronomia,237,Gastronomía
gastronomia,359,Gastronomía
gastronomia,102,Gastronomía
gastronomia,241,Gastronomía
gastronomia,268,Gastronomía
gastronomia,365,Gastronomía
gastronomia,416,Gastronomía
gastronomia,88,Gastronomía
gastronomia,394,Gastronomía
gastronomia,475,Gastronomía
gastronomia,184,Gastronomía
gastronomia,96,Gastronomía
gastronomia,383,Gastronomía
gastronomia,473,Gastronomía
gastronomia,220,Gastronomía
gastronomia,471,Gastronomía
gastronomia,37,Gastronomía
gastronomia,315,Gastronomía
gastronomia,95,Gastronomía
gastronomia,20,Gastronomía
gastronomia,176,Gastronomía
gastronomia,452,Gastronomía
gastronomia,206,Gastronomía
gastronomia,301,Gastronomía
gastronomia,75,Gastronomía
gastronomia,98,Gastronomía
gastronomia,389,Gastronomía
gastronomia,367,Gastronomía
gastronomia,425,Gastronomía
gastronomia,77,Gastronomía
gastronomia,178,Gastronomía
gastronomia,377,Gastronomía
gastronomia,313,Gastronomía
gastronomia,321,Gastronomía
gastronomia,187,Gastronomía
gastronomia,210,Gastronomía
gastronomia,306,Gastronomía
gastronomia,420,Gastronomía
gastronomia,16,Gastronomía
gastronomia,468,Gastronomía
gastronomia,366,Gastronomía
gastronomia,198,Gastronomía
gastronomia,40,Gastronomía
gastronomia,418,Gastronomía
gastronomia,444,Gastronomía
gastronomia,17,Gastronomía
gastronomia,472,Gastronomía
gastronomia,376,Gastronomía
gastronomia,87,Gastronomía
gastronomia,419,Gastronomía
gastronomia,381,Gastronomía
gastronomia,470,Gastronomía
gastronomia,426,Gastronomía
gastronomia,122,Gastronomía
gastronomia,404,Gastronomía
gastronomia,469,Gastronomía
gastronomia,218,Gastronomía
gastronomia,166,Gastronomía
gastronomia,203,Gastronomía
gastronomia,47,Gastronomía
gastronomia,133,Gastronomía
gastronomia,207,Gastronomía
gastronomia,18,Gastronomía
gastronomia,396,Gastronomía
gastronomia,7,Gastronomía
gastronomia,375,Gastronomía
gastronomia,104,Gastronomía
gastronomia,151,Gastronomía
gastronomia,439,Gastronomía
gastronomia,182,Gastronomía
gastronomia,360,Gastronomía
gastronomia,148,Gastronomía
gastronomia,332,Gastronomía
gastronomia,356,Gastronomía
gastronomia,73,Gastronomía
gastronomia,188,Gastronomía
gastronomia,205,Gastronomía
gastronomia,161,Gastronomía
gastronomia,61,Gastronomía
gastronomia,185,Gastronomía
gastronomia,438,Gastronomía
gastronomia,407,Gastronomía
gastronomia,84,Gastronomía
gastronomia,380,Gastronomía
gastronomia,423,Gastronomía
gastronomia,79,Gastronomía
gastronomia,391,Gastronomía
gastronomia,58,Gastronomía
gastronomia,147,Gastronomía
gastronomia,160,Gastronomía
gastronomia,46,Gastronomía
gastronomia,179,Gastronomía
gastronomia,27,Gastronomía
gastronomia,462,Gastronomía
gastronomia,69,Gastronomía
gastronomia,70,Gastronomía
gastronomia,467,Gastronomía
gastronomia,134,Gastronomía
gastronomia,369,Gastronomía
gastronomia,364,Gastronomía
gastronomia,99,Gastronomía
gastronomia,477,Gastronomía
gastronomia,129,Gastronomía
gastronomia,119,Gastronomía
gastronomia,3,Gastronomía
gastronomia,80,Gastronomía
gastronomia,436,Gastronomía
gastronomia,154,Gastronomía
gastronomia,71,Gastronomía
gastronomia,295,Gastronomía
gastronomia,83,Gastronomía
gastronomia,86,Gastronomía
gastronomia,459,Gastronomía
gastronomia,163,Gastronomía
gastronomia,62,Gastronomía
gastronomia,85,Gastronomía
gastronomia,52,Gastronomía
gastronomia,48,Gastronomía
gastronomia,466,Gastronomía
gastronomia,131,Gastronomía
gastronomia,373,Gastronomía
gastronomia,105,Gastronomía
gastronomia,139,Gastronomía
gastronomia,120,Gastronomía
gastronomia,57,Gastronomía
gastronomia,100,Gastronomía
gastronomia,140,Gastronomía
gastronomia,186,Gastronomía
gastronomia,59,Gastronomía
gastronomia,165,Gastronomía
gastronomia,60,Gastronomía
gastronomia,200,Gastronomía
gastronomia,144,Gastronomía
gastronomia,51,Gastronomía
gastronomia,476,Gastronomía
gastronomia,101,Gastronomía
gastronomia,2,Gastronomía
gastronomia,379,Gastronomía
gastronomia,352,Gastronomía
gastronomia,402,Gastronomía
gastronomia,108,Gastronomía
gastronomia,103,Gastronomía
gastronomia,421,Gastronomía
gastronomia,107,Gastronomía
gastronomia,361,Gastronomía
gastronomia,408,Gastronomía
gastronomia,32,Gastronomía
gastronomia,50,Gastronomía
gastronomia,106,Gastronomía
gastronomia,41,Gastronomía
gastronomia,9,Gastronomía
gastronomia,422,Gastronomía
gastronomia,49,Gastronomía
cine,146,Entretenimiento
cine,355,Entretenimiento
cine,229,Entretenimiento
cine,223,Entretenimiento
cine,297,Entretenimiento
cine,267,Entretenimiento
cine,266,Entretenimiento
cine,461,Entretenimiento
cine,285,Entretenimiento
cine,319,Entretenimiento
cine,320,Entretenimiento
cine,294,Entretenimiento
cine,214,Entretenimiento
cine,228,Entretenimiento
cine,326,Entretenimiento
cine,275,Entretenimiento
cine,342,Entretenimiento
cine,343,Entretenimiento
cine,344,Entretenimiento
bebidas afterwork,94,Vida nocturna
bebidas afterwork,291,Vida nocturna
bebidas afterwork,184,Vida nocturna
bebidas afterwork,269,Vida nocturna
bebidas afterwork,405,Vida nocturna
bebidas afterwork,86,Vida nocturna
bebidas afterwork,317,Vida nocturna
bebidas afterwork,219,Vida nocturna
bebidas afterwork,202,Vida nocturna
bebidas afterwork,173,Vida nocturna
bebidas afterwork,158,Vida nocturna
bebidas afterwork,424,Vida nocturna
bebidas afterwork,100,Vida nocturna
bebidas afterwork,63,Vida nocturna
bebidas afterwork,293,Vida nocturna
bebidas afterwork,433,Vida nocturna
bebidas afterwork,90,Vida nocturna
bebidas afterwork,19,Vida nocturna
bebidas afterwork,131,Vida nocturna
bebidas afterwork,354,Vida nocturna
bebidas afterwork,437,Vida nocturna
bebidas afterwork,116,Vida nocturna
bebidas afterwork,243,Vida nocturna
bebidas afterwork,216,Vida nocturna
bebidas afterwork,406,Vida nocturna
bebidas afterwork,288,Vida nocturna
bebidas afterwork,88,Vida nocturna
bebidas afterwork,45,Vida nocturna
bebidas afterwork,473,Vida nocturna
bebidas afterwork,20,Vida nocturna
bebidas afterwork,250,Vida nocturna
bebidas afterwork,351,Vida nocturna
bebidas afterwork,75,Vida nocturna
bebidas afterwork,389,Vida nocturna
bebidas afterwork,178,Vida nocturna
bebidas afterwork,368,Vida nocturna
bebidas afterwork,37,Vida nocturna
bebidas afterwork,191,Vida nocturna
bebidas afterwork,125,Vida nocturna
bebidas afterwork,122,Vida nocturna
bebidas afterwork,469,Vida nocturna
bebidas afterwork,218,Vida nocturna
bebidas afterwork,124,Vida nocturna
bebidas afterwork,47,Vida nocturna
bebidas afterwork,133,Vida nocturna
bebidas afterwork,234,Vida nocturna
bebidas afterwork,231,Vida nocturna
bebidas afterwork,375,Vida nocturna
bebidas afterwork,360,Vida nocturna
bebidas afterwork,189,Vida nocturna
bebidas afterwork,332,Vida nocturna
bebidas afterwork,84,Vida nocturna
bebidas afterwork,147,Vida nocturna
bebidas afterwork,46,Vida nocturna
bebidas afterwork,69,Vida nocturna
bebidas afterwork,121,Vida nocturna
bebidas afterwork,134,Vida nocturna
bebidas afterwork,447,Vida nocturna
bebidas afterwork,129,Vida nocturna
bebidas afterwork,71,Vida nocturna
bebidas afterwork,425,Vida nocturna
bebidas afterwork,85,Vida nocturna
bebidas afterwork,48,Vida nocturna
bebidas afterwork,373,Vida nocturna
bebidas afterwork,51,Vida nocturna
bebidas afterwork,421,Vida nocturna
bebidas afterwork,180,Vida nocturna
bebidas afterwork,361,Vida nocturna
bebidas afterwork,50,Vida nocturna
bebidas afterwork,431,Vida nocturna
bebidas afterwork,49,Vida nocturna
bebidas afterwork,432,Vida nocturna
planes aire libre,141,Planes al aire libre
planes aire libre,251,Planes al aire libre
planes aire libre,291,Planes al aire libre
planes aire libre,269,Planes al aire libre
planes aire libre,405,Planes al aire libre
planes aire libre,127,Planes al aire libre
planes aire libre,236,Planes al aire libre
planes aire libre,137,Planes al aire libre
planes aire libre,317,Planes al aire libre
planes aire libre,221,Planes al aire libre
planes aire libre,247,Planes al aire libre
planes aire libre,451,Planes al aire libre
planes aire libre,55,Planes al aire libre
planes aire libre,280,Planes al aire libre
planes aire libre,54,Planes al aire libre
planes aire libre,38,Planes al aire libre
planes aire libre,251,Planes al aire libre
planes aire libre,239,Planes al aire libre
planes aire libre,233,Planes al aire libre
planes aire libre,137,Planes al aire libre
planes aire libre,279,Planes al aire libre
planes aire libre,341,Planes al aire libre
planes aire libre,127,Planes al aire libre
planes aire libre,275,Planes al aire libre
planes aire libre,392,Planes al aire libre
planes aire libre,252,Planes al aire libre
planes aire libre,138,Planes al aire libre
planes aire libre,215,Planes al aire libre
planes aire libre,445,Planes al aire libre
planes aire libre,413,Planes al aire libre
planes aire libre,244,Planes al aire libre
planes aire libre,414,Planes al aire libre
planes aire libre,378,Planes al aire libre
planes aire libre,398,Planes al aire libre
planes aire libre,441,Planes al aire libre
planes aire libre,415,Planes al aire libre
planes aire libre,440,Planes al aire libre
planes aire libre,350,Planes al aire libre
planes aire libre,474,Planes al aire libre
planes aire libre,465,Planes al aire libre
planes aire libre,446,Planes al aire libre
planes aire libre,260,Planes al aire libre
planes aire libre,353,Planes al aire libre
planes aire libre,23,Planes al aire libre
planes aire libre,372,Planes al aire libre
planes aire libre,449,Planes al aire libre
planes aire libre,430,Planes al aire libre
planes aire libre,432,Planes al aire libre
magia mentalismo,195,Entretenimiento
magia mentalismo,362,Entretenimiento
magia mentalismo,12,Entretenimiento
magia mentalismo,429,Entretenimiento
magia mentalismo,390,Entretenimiento
magia mentalismo,434,Entretenimiento
magia mentalismo,172,Entretenimiento
magia mentalismo,0,Entretenimiento
magia mentalismo,357,Entretenimiento
magia mentalismo,374,Entretenimiento
magia mentalismo,142,Entretenimiento
magia mentalismo,400,Entretenimiento
magia mentalismo,13,Entretenimiento
teatro,68,Arte y cultura
teatro,68,Entretenimiento
teatro,305,Arte y cultura
teatro,305,Entretenimiento
teatro,110,Arte y cultura
teatro,110,Entretenimiento
teatro,82,Arte y cultura
teatro,82,Entretenimiento
teatro,143,Arte y cultura
teatro,143,Entretenimiento
teatro,195,Arte y cultura
teatro,195,Entretenimiento
teatro,302,Arte y cultura
teatro,302,Entretenimiento
teatro,304,Arte y cultura
teatro,304,Entretenimiento
teatro,312,Arte y cultura
teatro,312,Entretenimiento
teatro,336,Arte y cultura
teatro,336,Entretenimiento
teatro,208,Arte y cultura
teatro,208,Entretenimiento
teatro,339,Arte y cultura
teatro,339,Entretenimiento
teatro,308,Arte y cultura
teatro,308,Entretenimiento
teatro,132,Arte y cultura
teatro,132,Entretenimiento
teatro,39,Arte y cultura
teatro,39,Entretenimiento
teatro,196,Arte y cultura
teatro,196,Entretenimiento
teatro,238,Arte y cultura
teatro,238,Entretenimiento
teatro,175,Arte y cultura
teatro,175,Entretenimiento
teatro,455,Arte y cultura
teatro,455,Entretenimiento
teatro,21,Arte y cultura
teatro,21,Entretenimiento
teatro,246,Arte y cultura
teatro,246,Entretenimiento
teatro,149,Arte y cultura
teatro,149,Entretenimiento
teatro,411,Arte y cultura
teatro,411,Entretenimiento
teatro,5,Arte y cultura
teatro,5,Entretenimiento
teatro,136,Arte y cultura
teatro,136,Entretenimiento
teatro,282,Arte y cultura
teatro,282,Entretenimiento
teatro,30,Arte y cultura
teatro,30,Entretenimiento
teatro,289,Arte y cultura
teatro,289,Entretenimiento
teatro,172,Arte y cultura
teatro,172,Entretenimiento
teatro,450,Arte y cultura
teatro,450,Entretenimiento
teatro,130,Arte y cultura
teatro,130,Entretenimiento
teatro,309,Arte y cultura
teatro,309,Entretenimiento
teatro,412,Arte y cultura
teatro,412,Entretenimiento
teatro,235,Arte y cultura
teatro,235,Entretenimiento
teatro,0,Arte y cultura
teatro,0,Entretenimiento
teatro,118,Arte y cultura
teatro,118,Entretenimiento
teatro,28,Arte y cultura
teatro,28,Entretenimiento
teatro,142,Arte y cultura
teatro,142,Entretenimiento
teatro,270,Arte y cultura
teatro,270,Entretenimiento
teatro,271,Arte y cultura
teatro,271,Entretenimiento
teatro,123,Arte y cultura
teatro,123,Entretenimiento
teatro,89,Arte y cultura
teatro,89,Entretenimiento
teatro,299,Arte y cultura
teatro,299,Entretenimiento
teatro,113,Arte y cultura
teatro,113,Entretenimiento
teatro,112,Arte y cultura
teatro,112,Entretenimiento
teatro,310,Arte y cultura
teatro,310,Entretenimiento
teatro,135,Arte y cultura
teatro,135,Entretenimiento
teatro,410,Arte y cultura
teatro,410,Entretenimiento
teatro,232,Arte y cultura
teatro,232,Entretenimiento
teatro,72,Arte y cultura
teatro,72,Entretenimiento
teatro,463,Arte y cultura
teatro,463,Entretenimiento
teatro,168,Arte y cultura
teatro,168,Entretenimiento
teatro,226,Arte y cultura
teatro,226,Entretenimiento
teatro,209,Arte y cultura
teatro,209,Entretenimiento
teatro,395,Arte y cultura
teatro,395,Entretenimiento
teatro,249,Arte y cultura
teatro,249,Entretenimiento
teatro,150,Arte y cultura
teatro,150,Entretenimiento
teatro,35,Arte y cultura
teatro,35,Entretenimiento
teatro,348,Arte y cultura
teatro,348,Entretenimiento
teatro,225,Arte y cultura
teatro,225,Entretenimiento
teatro,11,Arte y cultura
teatro,11,Entretenimiento
teatro,298,Arte y cultura
teatro,298,Entretenimiento
teatro,194,Arte y cultura
teatro,194,Entretenimiento
autocine,146,Entretenimiento
autocine,146,Vida nocturna
autocine,269,Entretenimiento
autocine,269,Vida nocturna
autocine,405,Entretenimiento
autocine,405,Vida nocturna
autocine,317,Entretenimiento
autocine,317,Vida nocturna
autocine,128,Entretenimiento
autocine,128,Vida nocturna
festivales,141,Vida nocturna
festivales,219,Vida nocturna
festivales,221,Vida nocturna
festivales,15,Vida nocturna
festivales,251,Vida nocturna
festivales,257,Vida nocturna
festivales,254,Vida nocturna
festivales,256,Vida nocturna
festivales,253,Vida nocturna
festivales,255,Vida nocturna
festivales,258,Vida nocturna
festivales,278,Vida nocturna
festivales,234,Vida nocturna
la chocita del loro,388,Entretenimiento
la chocita del loro,386,Entretenimiento
la chocita del loro,385,Entretenimiento
flamenco,269,Entretenimiento
flamenco,269,Arte y cultura
flamenco,145,Entretenimiento
flamenco,145,Arte y cultura
flamenco,27,Entretenimiento
flamenco,27,Arte y cultura
flamenco,317,Entretenimiento
flamenco,317,Arte y cultura
flamenco,478,Entretenimiento
flamenco,478,Arte y cultura
flamenco,327,Entretenimiento
flamenco,327,Arte y cultura
flamenco,53,Entretenimiento
flamenco,53,Arte y cultura
flamenco,393,Entretenimiento
flamenco,393,Arte y cultura
flamenco,181,Entretenimiento
flamenco,181,Arte y cultura
flamenco,88,Entretenimiento
flamenco,88,Arte y cultura
flamenco,300,Entretenimiento
flamenco,300,Arte y cultura
flamenco,470,Entretenimiento
flamenco,470,Arte y cultura
flamenco,148,Entretenimiento
flamenco,148,Arte y cultura
teatro comedia espectaculos,136,Entretenimiento
teatro comedia espectaculos,136,Arte y cultura
teatro comedia espectaculos,388,Entretenimiento
teatro comedia espectaculos,388,Arte y cultura
teatro comedia espectaculos,42,Entretenimiento
teatro comedia espectaculos,42,Arte y cultura
teatro comedia espectaculos,386,Entretenimiento
teatro comedia espectaculos,386,Arte y cultura
teatro comedia espectaculos,298,Entretenimiento
teatro comedia espectaculos,298,Arte y cultura
teatro comedia espectaculos,68,Entretenimiento
teatro comedia espectaculos,68,Arte y cultura
teatro comedia espectaculos,15,Entretenimiento
teatro comedia espectaculos,15,Arte y cultura
teatro comedia espectaculos,305,Entretenimiento
teatro comedia espectaculos,305,Arte y cultura
teatro comedia espectaculos,110,Entretenimiento
teatro comedia espectaculos,110,Arte y cultura
teatro comedia espectaculos,276,Entretenimiento
teatro comedia espectaculos,276,Arte y cultura
teatro comedia espectaculos,135,Entretenimiento
teatro comedia espectaculos,135,Arte y cultura
teatro comedia espectaculos,411,Entretenimiento
teatro comedia espectaculos,411,Arte y cultura
teatro comedia espectaculos,143,Entretenimiento
teatro comedia espectaculos,143,Arte y cultura
teatro comedia espectaculos,195,Entretenimiento
teatro comedia espectaculos,195,Arte y cultura
teatro comedia espectaculos,302,Entretenimiento
teatro comedia espectaculos,302,Arte y cultura
teatro comedia espectaculos,304,Entretenimiento
teatro comedia espectaculos,304,Arte y cultura
teatro comedia espectaculos,312,Entretenimiento
teatro comedia espectaculos,312,Arte y cultura
teatro comedia espectaculos,336,Entretenimiento
teatro comedia espectaculos,336,Arte y cultura
teatro comedia espectaculos,337,Entretenimiento
teatro comedia espectaculos,337,Arte y cultura
teatro comedia espectaculos,338,Entretenimiento
teatro comedia espectaculos,338,Arte y cultura
teatro comedia espectaculos,400,Entretenimiento
teatro comedia espectaculos,400,Arte y cultura
teatro comedia espectaculos,339,Entretenimiento
teatro comedia espectaculos,339,Arte y cultura
teatro comedia espectaculos,340,Entretenimiento
teatro comedia espectaculos,340,Arte y cultura
teatro comedia espectaculos,132,Entretenimiento
teatro comedia espectaculos,132,Arte y cultura
teatro comedia espectaculos,232,Entretenimiento
teatro comedia espectaculos,232,Arte y cultura
teatro comedia espectaculos,158,Entretenimiento
teatro comedia espectaculos,158,Arte y cultura
teatro comedia espectaculos,393,Entretenimiento
teatro comedia espectaculos,393,Arte y cultura
teatro comedia espectaculos,390,Entretenimiento
teatro comedia espectaculos,390,Arte y cultura
teatro comedia espectaculos,12,Entretenimiento
teatro comedia espectaculos,12,Arte y cultura
teatro comedia espectaculos,212,Entretenimiento
teatro comedia espectaculos,212,Arte y cultura
teatro comedia espectaculos,261,Entretenimiento
teatro comedia espectaculos,261,Arte y cultura
teatro comedia espectaculos,196,Entretenimiento
teatro comedia espectaculos,196,Arte y cultura
teatro comedia espectaculos,238,Entretenimiento
teatro comedia espectaculos,238,Arte y cultura
teatro comedia espectaculos,395,Entretenimiento
teatro comedia espectaculos,395,Arte y cultura
teatro comedia espectaculos,455,Entretenimiento
teatro comedia espectaculos,455,Arte y cultura
teatro comedia espectaculos,21,Entretenimiento
teatro comedia espectaculos,21,Arte y cultura
teatro comedia espectaculos,463,Entretenimiento
teatro comedia espectaculos,463,Arte y cultura
teatro comedia espectaculos,456,Entretenimiento
teatro comedia espectaculos,456,Arte y cultura
teatro comedia espectaculos,457,Entretenimiento
teatro comedia espectaculos,457,Arte y cultura
teatro comedia espectaculos,385,Entretenimiento
teatro comedia espectaculos,385,Arte y cultura
teatro comedia espectaculos,90,Entretenimiento
teatro comedia espectaculos,90,Arte y cultura
teatro comedia espectaculos,116,Entretenimiento
teatro comedia espectaculos,116,Arte y cultura
teatro comedia espectaculos,429,Entretenimiento
teatro comedia espectaculos,429,Arte y cultura
teatro comedia espectaculos,149,Entretenimiento
teatro comedia espectaculos,149,Arte y cultura
teatro comedia espectaculos,175,Entretenimiento
teatro comedia espectaculos,175,Arte y cultura
teatro comedia espectaculos,434,Entretenimiento
teatro comedia espectaculos,434,Arte y cultura
teatro comedia espectaculos,250,Entretenimiento
teatro comedia espectaculos,250,Arte y cultura
teatro comedia espectaculos,5,Entretenimiento
teatro comedia espectaculos,5,Arte y cultura
teatro comedia espectaculos,282,Entretenimiento
teatro comedia espectaculos,282,Arte y cultura
teatro comedia espectaculos,30,Entretenimiento
teatro comedia espectaculos,30,Arte y cultura
teatro comedia espectaculos,289,Entretenimiento
teatro comedia espectaculos,289,Arte y cultura
teatro comedia espectaculos,172,Entretenimiento
teatro comedia espectaculos,172,Arte y cultura
teatro comedia espectaculos,450,Entretenimiento
teatro comedia espectaculos,450,Arte y cultura
teatro comedia espectaculos,306,Entretenimiento
teatro comedia espectaculos,306,Arte y cultura
teatro comedia espectaculos,130,Entretenimiento
teatro comedia espectaculos,130,Arte y cultura
teatro comedia espectaculos,362,Entretenimiento
teatro comedia espectaculos,362,Arte y cultura
teatro comedia espectaculos,309,Entretenimiento
teatro comedia espectaculos,309,Arte y cultura
teatro comedia espectaculos,412,Entretenimiento
teatro comedia espectaculos,412,Arte y cultura
teatro comedia espectaculos,235,Entretenimiento
teatro comedia espectaculos,235,Arte y cultura
teatro comedia espectaculos,0,Entretenimiento
teatro comedia espectaculos,0,Arte y cultura
teatro comedia espectaculos,357,Entretenimiento
teatro comedia espectaculos,357,Arte y cultura
teatro comedia espectaculos,164,Entretenimiento
teatro comedia espectaculos,164,Arte y cultura
teatro comedia espectaculos,217,Entretenimiento
teatro comedia espectaculos,217,Arte y cultura
teatro comedia espectaculos,118,Entretenimiento
teatro comedia espectaculos,118,Arte y cultura
teatro comedia espectaculos,374,Entretenimiento
teatro comedia espectaculos,374,Arte y cultura
teatro comedia espectaculos,28,Entretenimiento
teatro comedia espectaculos,28,Arte y cultura
teatro comedia espectaculos,82,Entretenimiento
teatro comedia espectaculos,82,Arte y cultura
teatro comedia espectaculos,142,Entretenimiento
teatro comedia espectaculos,142,Arte y cultura
teatro comedia espectaculos,270,Entretenimiento
teatro comedia espectaculos,270,Arte y cultura
teatro comedia espectaculos,248,Entretenimiento
teatro comedia espectaculos,248,Arte y cultura
teatro comedia espectaculos,271,Entretenimiento
teatro comedia espectaculos,271,Arte y cultura
teatro comedia espectaculos,123,Entretenimiento
teatro comedia espectaculos,123,Arte y cultura
teatro comedia espectaculos,89,Entretenimiento
teatro comedia espectaculos,89,Arte y cultura
teatro comedia espectaculos,246,Entretenimiento
teatro comedia espectaculos,246,Arte y cultura
teatro comedia espectaculos,299,Entretenimiento
teatro comedia espectaculos,299,Arte y cultura
teatro comedia espectaculos,207,Entretenimiento
teatro comedia espectaculos,207,Arte y cultura
teatro comedia espectaculos,290,Entretenimiento
teatro comedia espectaculos,290,Arte y cultura
teatro comedia espectaculos,113,Entretenimiento
teatro comedia espectaculos,113,Arte y cultura
teatro comedia espectaculos,112,Entretenimiento
teatro comedia espectaculos,112,Arte y cultura
teatro comedia espectaculos,310,Entretenimiento
teatro comedia espectaculos,310,Arte y cultura
teatro comedia espectaculos,39,Entretenimiento
teatro comedia espectaculos,39,Arte y cultura
teatro comedia espectaculos,410,Entretenimiento
teatro comedia espectaculos,410,Arte y cultura
teatro comedia espectaculos,97,Entretenimiento
teatro comedia espectaculos,97,Arte y cultura
teatro comedia espectaculos,349,Entretenimiento
teatro comedia espectaculos,349,Arte y cultura
teatro comedia espectaculos,115,Entretenimiento
teatro comedia espectaculos,115,Arte y cultura
teatro comedia espectaculos,208,Entretenimiento
teatro comedia espectaculos,208,Arte y cultura
teatro comedia espectaculos,387,Entretenimiento
teatro comedia espectaculos,387,Arte y cultura
teatro comedia espectaculos,13,Entretenimiento
teatro comedia espectaculos,13,Arte y cultura
teatro comedia espectaculos,308,Entretenimiento
teatro comedia espectaculos,308,Arte y cultura
teatro comedia espectaculos,316,Entretenimiento
teatro comedia espectaculos,316,Arte y cultura
teatro comedia espectaculos,72,Entretenimiento
teatro comedia espectaculos,72,Arte y cultura
teatro comedia espectaculos,170,Entretenimiento
teatro comedia espectaculos,170,Arte y cultura
teatro comedia espectaculos,168,Entretenimiento
teatro comedia espectaculos,168,Arte y cultura
teatro comedia espectaculos,363,Entretenimiento
teatro comedia espectaculos,363,Arte y cultura
teatro comedia espectaculos,458,Entretenimiento
teatro comedia espectaculos,458,Arte y cultura
teatro comedia espectaculos,226,Entretenimiento
teatro comedia espectaculos,226,Arte y cultura
teatro comedia espectaculos,209,Entretenimiento
teatro comedia espectaculos,209,Arte y cultura
teatro comedia espectaculos,1,Entretenimiento
teatro comedia espectaculos,1,Arte y cultura
teatro comedia espectaculos,249,Entretenimiento
teatro comedia espectaculos,249,Arte y cultura
teatro comedia espectaculos,150,Entretenimiento
teatro comedia espectaculos,150,Arte y cultura
teatro comedia espectaculos,35,Entretenimiento
teatro comedia espectaculos,35,Arte y cultura
teatro comedia espectaculos,348,Entretenimiento
teatro comedia espectaculos,348,Arte y cultura
teatro comedia espectaculos,225,Entretenimiento
teatro comedia espectaculos,225,Arte y cultura
teatro comedia espectaculos,11,Entretenimiento
teatro comedia espectaculos,11,Arte y cultura
teatro comedia espectaculos,194,Entretenimiento
teatro comedia espectaculos,194,Arte y cultura
teatro comedia espectaculos,346,Entretenimiento
teatro comedia espectaculos,346,Arte y cultura
juegos de escape,536,Entretenimiento
juegos de escape,512,Entretenimiento
juegos de escape,533,Entretenimiento
juegos de escape,511,Entretenimiento
juegos de escape,499,Entretenimiento
juegos de escape,510,Entretenimiento
juegos de escape,490,Entretenimiento
cursos fotorgrafia,521,Entretenimiento
cursos fotorgrafia,519,Entretenimiento
cursos fotorgrafia,518,Entretenimiento
cursos fotorgrafia,517,Entretenimiento
cursos fotorgrafia,520,Entretenimiento
cursos fotorgrafia,516,Entretenimiento
clases baile,514,Entretenimiento
clases baile,501,Entretenimiento
clases baile,528,Entretenimiento
clases baile,513,Entretenimiento
v cata de vinos,487,Gastronomía
v cata de vinos,492,Gastronomía
v cata de vinos,491,Gastronomía
v cata de vinos,495,Gastronomía
v cata de vinos,493,Gastronomía
v cata de vinos,494,Gastronomía
v espectaculos,523,Entretenimiento
v espectaculos,526,Entretenimiento
v espectaculos,525,Entretenimiento
v espectaculos,522,Entretenimiento
v espectaculos,524,Entretenimiento
carreras,529,Entretenimiento
carreras,507,Entretenimiento
carreras,506,Entretenimiento
carreras,508,Entretenimiento
carreras,541,Entretenimiento
carreras,505,Entretenimiento
bolos,502,Entretenimiento
bolos,503,Entretenimiento
bolos,497,Entretenimiento
bolos,498,Entretenimiento
paintball,535,Deporte y actividad física
paintball,535,Planes al aire libre
paintball,546,Deporte y actividad física
paintball,546,Planes al aire libre
paintball,547,Deporte y actividad física
paintball,547,Planes al aire libre
equitacion,539,Deporte y actividad física
equitacion,539,Planes al aire libre
equitacion,515,Deporte y actividad física
equitacion,515,Planes al aire libre
equitacion,530,Deporte y actividad física
equitacion,530,Planes al aire libre
equitacion,539,Deporte y actividad física
equitacion,539,Planes al aire libre
equitacion,515,Deporte y actividad física
equitacion,515,Planes al aire libre
equitacion,530,Deporte y actividad física
equitacion,530,Planes al aire libre
v escalada,496,Deporte y actividad física
v escalada,540,Deporte y actividad física
v esqui y snowboard,542,Deporte y actividad física
v esqui y snowboard,481,Deporte y actividad física
deportes acuaticos,534,Deporte y actividad física
patinaje sobre hielo,538,Deporte y actividad física
v golf,509,Deporte y actividad física
parapente,504,Deporte y actividad física
tours de vinos,487,Gastronomía
tours de vinos,492,Gastronomía
tours de vinos,491,Gastronomía
tours de vinos,495,Gastronomía
tours de vinos,493,Gastronomía
tours de vinos,494,Gastronomía
excursiones por la ciudad y lugares de interes,548,Planes al aire libre
excursiones por la ciudad y lugares de interes,548,Arte y cultura
excursiones por la ciudad y lugares de interes,484,Planes al aire libre
excursiones por la ciudad y lugares de interes,484,Arte y cultura
excursiones por la ciudad y lugares de interes,482,Planes al aire libre
excursiones por la ciudad y lugares de interes,482,Arte y cultura
excursiones por la ciudad y lugares de interes,480,Planes al aire libre
excursiones por la ciudad y lugares de interes,480,Arte y cultura
excursiones por la ciudad y lugares de interes,483,Planes al aire libre
excursiones por la ciudad y lugares de interes,483,Arte y cultura
excursiones por la ciudad y lugares de interes,558,Planes al aire libre
excursiones por la ciudad y lugares de interes,558,Arte y cultura
excursiones por la ciudad y lugares de interes,561,Planes al aire libre
excursiones por la ciudad y lugares de interes,561,Arte y cultura
excursiones por la ciudad y lugares de interes,553,Planes al aire libre
excursiones por la ciudad y lugares de interes,553,Arte y cultura
excursiones por la ciudad y lugares de interes,559,Planes al aire libre
excursiones por la ciudad y lugares de interes,559,Arte y cultura
excursiones por la ciudad y lugares de interes,565,Planes al aire libre
excursiones por la ciudad y lugares de interes,565,Arte y cultura
excursiones por la ciudad y lugares de interes,562,Planes al aire libre
excursiones por la ciudad y lugares de interes,562,Arte y cultura
excursiones por la ciudad y lugares de interes,556,Planes al aire libre
excursiones por la ciudad y lugares de interes,556,Arte y cultura
excursiones por la ciudad y lugares de interes,552,Planes al aire libre
excursiones por la ciudad y lugares de interes,552,Arte y cultura
excursiones por la ciudad y lugares de interes,555,Planes al aire libre
excursiones por la ciudad y lugares de interes,555,Arte y cultura
excursiones por la ciudad y lugares de interes,560,Planes al aire libre
excursiones por la ciudad y lugares de interes,560,Arte y cultura
excursiones por la ciudad y lugares de interes,563,Planes al aire libre
excursiones por la ciudad y lugares de interes,563,Arte y cultura
excursiones por la ciudad y lugares de interes,564,Planes al aire libre
excursiones por la ciudad y lugares de interes,564,Arte y cultura
excursiones por la ciudad y lugares de interes,566,Planes al aire libre
excursiones por la ciudad y lugares de interes,566,Arte y cultura
excursiones por la ciudad y lugares de interes,567,Planes al aire libre
excursiones por la ciudad y lugares de interes,567,Arte y cultura
excursiones por la ciudad y lugares de interes,554,Planes al aire libre
excursiones por la ciudad y lugares de interes,554,Arte y cultura
excursiones por la ciudad y lugares de interes,549,Planes al aire libre
excursiones por la ciudad y lugares de interes,549,Arte y cultura
excursiones por la ciudad y lugares de interes,550,Planes al aire libre
excursiones por la ciudad y lugares de interes,550,Arte y cultura
excursiones por la ciudad y lugares de interes,551,Planes al aire libre
excursiones por la ciudad y lugares de interes,551,Arte y cultura
excursiones por la ciudad y lugares de interes,557,Planes al aire libre
excursiones por la ciudad y lugares de interes,557,Arte y cultura
excursiones y aventuras al aire libre,531,Planes al aire libre
excursiones y aventuras al aire libre,531,Arte y cultura
excursiones y aventuras al aire libre,527,Planes al aire libre
excursiones y aventuras al aire libre,527,Arte y cultura
tour de vuelo,527,Entretenimiento
day spa,532,Relax y bienestar
day spa,543,Relax y bienestar
day spa,485,Relax y bienestar
day spa,486,Relax y bienestar
day spa,545,Relax y bienestar
day spa,489,Relax y bienestar
day spa,500,Relax y bienestar
day spa,488,Relax y bienestar
day spa,537,Relax y bienestar
day spa,544,Relax y bienestar
restaurantes,1235,Gastronomía
restaurantes,1156,Gastronomía
restaurantes,751,Gastronomía
restaurantes,782,Gastronomía
restaurantes,713,Gastronomía
restaurantes,1107,Gastronomía
restaurantes,1562,Gastronomía
restaurantes,930,Gastronomía
restaurantes,1567,Gastronomía
restaurantes,1383,Gastronomía
restaurantes,1743,Gastronomía
restaurantes,1195,Gastronomía
restaurantes,1690,Gastronomía
restaurantes,1392,Gastronomía
restaurantes,791,Gastronomía
restaurantes,1848,Gastronomía
restaurantes,1275,Gastronomía
restaurantes,987,Gastronomía
restaurantes,1388,Gastronomía
restaurantes,1420,Gastronomía
restaurantes,952,Gastronomía
restaurantes,1941,Gastronomía
restaurantes,1292,Gastronomía
restaurantes,1125,Gastronomía
restaurantes,1861,Gastronomía
restaurantes,1799,Gastronomía
restaurantes,1896,Gastronomía
restaurantes,777,Gastronomía
restaurantes,1468,Gastronomía
restaurantes,1384,Gastronomía
restaurantes,1196,Gastronomía
restaurantes,689,Gastronomía
restaurantes,1418,Gastronomía
restaurantes,632,Gastronomía
restaurantes,1121,Gastronomía
restaurantes,1008,Gastronomía
restaurantes,1353,Gastronomía
restaurantes,944,Gastronomía
restaurantes,1108,Gastronomía
restaurantes,1272,Gastronomía
restaurantes,806,Gastronomía
restaurantes,588,Gastronomía
restaurantes,741,Gastronomía
restaurantes,1386,Gastronomía
restaurantes,655,Gastronomía
restaurantes,1137,Gastronomía
restaurantes,1592,Gastronomía
restaurantes,1611,Gastronomía
restaurantes,888,Gastronomía
restaurantes,1050,Gastronomía
restaurantes,1371,Gastronomía
restaurantes,1528,Gastronomía
restaurantes,1946,Gastronomía
restaurantes,1336,Gastronomía
restaurantes,1029,Gastronomía
restaurantes,1052,Gastronomía
restaurantes,1198,Gastronomía
restaurantes,956,Gastronomía
restaurantes,1513,Gastronomía
restaurantes,1344,Gastronomía
restaurantes,1056,Gastronomía
restaurantes,607,Gastronomía
restaurantes,1162,Gastronomía
restaurantes,1082,Gastronomía
restaurantes,1263,Gastronomía
restaurantes,1022,Gastronomía
restaurantes,1168,Gastronomía
restaurantes,1387,Gastronomía
restaurantes,901,Gastronomía
restaurantes,1640,Gastronomía
restaurantes,1356,Gastronomía
restaurantes,640,Gastronomía
restaurantes,685,Gastronomía
restaurantes,1653,Gastronomía
restaurantes,925,Gastronomía
restaurantes,1230,Gastronomía
restaurantes,1118,Gastronomía
restaurantes,1149,Gastronomía
restaurantes,1451,Gastronomía
restaurantes,931,Gastronomía
restaurantes,650,Gastronomía
restaurantes,1338,Gastronomía
restaurantes,1123,Gastronomía
restaurantes,1675,Gastronomía
restaurantes,946,Gastronomía
restaurantes,1560,Gastronomía
restaurantes,1825,Gastronomía
restaurantes,1250,Gastronomía
restaurantes,1007,Gastronomía
restaurantes,1147,Gastronomía
restaurantes,714,Gastronomía
restaurantes,1672,Gastronomía
restaurantes,1596,Gastronomía
restaurantes,1141,Gastronomía
restaurantes,747,Gastronomía
restaurantes,1785,Gastronomía
restaurantes,1671,Gastronomía
restaurantes,1778,Gastronomía
restaurantes,1555,Gastronomía
restaurantes,895,Gastronomía
restaurantes,723,Gastronomía
restaurantes,1476,Gastronomía
restaurantes,1142,Gastronomía
restaurantes,1643,Gastronomía
restaurantes,864,Gastronomía
restaurantes,1944,Gastronomía
restaurantes,1270,Gastronomía
restaurantes,761,Gastronomía
restaurantes,798,Gastronomía
restaurantes,1494,Gastronomía
restaurantes,1130,Gastronomía
restaurantes,1768,Gastronomía
restaurantes,1491,Gastronomía
restaurantes,1360,Gastronomía
restaurantes,724,Gastronomía
restaurantes,574,Gastronomía
restaurantes,861,Gastronomía
restaurantes,584,Gastronomía
restaurantes,1031,Gastronomía
restaurantes,1395,Gastronomía
restaurantes,823,Gastronomía
restaurantes,1535,Gastronomía
restaurantes,783,Gastronomía
restaurantes,1025,Gastronomía
restaurantes,1881,Gastronomía
restaurantes,937,Gastronomía
restaurantes,582,Gastronomía
restaurantes,684,Gastronomía
restaurantes,1321,Gastronomía
restaurantes,1461,Gastronomía
restaurantes,1192,Gastronomía
restaurantes,748,Gastronomía
restaurantes,1068,Gastronomía
restaurantes,575,Gastronomía
restaurantes,581,Gastronomía
restaurantes,1492,Gastronomía
restaurantes,878,Gastronomía
restaurantes,1641,Gastronomía
restaurantes,1464,Gastronomía
restaurantes,1366,Gastronomía
restaurantes,1312,Gastronomía
restaurantes,1154,Gastronomía
restaurantes,1505,Gastronomía
restaurantes,612,Gastronomía
restaurantes,1871,Gastronomía
restaurantes,1667,Gastronomía
restaurantes,589,Gastronomía
restaurantes,1846,Gastronomía
restaurantes,1458,Gastronomía
restaurantes,1460,Gastronomía
restaurantes,1748,Gastronomía
restaurantes,725,Gastronomía
restaurantes,1832,Gastronomía
restaurantes,1432,Gastronomía
restaurantes,1229,Gastronomía
restaurantes,1308,Gastronomía
restaurantes,1113,Gastronomía
restaurantes,879,Gastronomía
restaurantes,1940,Gastronomía
restaurantes,573,Gastronomía
restaurantes,1942,Gastronomía
restaurantes,1334,Gastronomía
restaurantes,815,Gastronomía
restaurantes,629,Gastronomía
restaurantes,876,Gastronomía
restaurantes,587,Gastronomía
restaurantes,1610,Gastronomía
restaurantes,920,Gastronomía
restaurantes,1039,Gastronomía
restaurantes,1650,Gastronomía
restaurantes,1452,Gastronomía
restaurantes,619,Gastronomía
restaurantes,1714,Gastronomía
restaurantes,1337,Gastronomía
restaurantes,578,Gastronomía
restaurantes,1712,Gastronomía
restaurantes,716,Gastronomía
restaurantes,869,Gastronomía
restaurantes,1735,Gastronomía
restaurantes,1682,Gastronomía
restaurantes,1656,Gastronomía
restaurantes,1694,Gastronomía
restaurantes,1447,Gastronomía
restaurantes,1823,Gastronomía
restaurantes,1841,Gastronomía
restaurantes,945,Gastronomía
restaurantes,1374,Gastronomía
restaurantes,859,Gastronomía
restaurantes,649,Gastronomía
restaurantes,1756,Gastronomía
restaurantes,1702,Gastronomía
restaurantes,1441,Gastronomía
restaurantes,664,Gastronomía
restaurantes,1413,Gastronomía
restaurantes,827,Gastronomía
restaurantes,882,Gastronomía
restaurantes,1914,Gastronomía
restaurantes,1376,Gastronomía
restaurantes,1668,Gastronomía
restaurantes,1866,Gastronomía
restaurantes,1070,Gastronomía
restaurantes,1617,Gastronomía
restaurantes,744,Gastronomía
restaurantes,706,Gastronomía
restaurantes,1278,Gastronomía
restaurantes,1642,Gastronomía
restaurantes,900,Gastronomía
restaurantes,778,Gastronomía
restaurantes,1769,Gastronomía
restaurantes,1475,Gastronomía
restaurantes,1200,Gastronomía
restaurantes,603,Gastronomía
restaurantes,1485,Gastronomía
restaurantes,1598,Gastronomía
restaurantes,1603,Gastronomía
restaurantes,749,Gastronomía
restaurantes,1595,Gastronomía
restaurantes,1575,Gastronomía
restaurantes,1414,Gastronomía
restaurantes,1947,Gastronomía
restaurantes,1708,Gastronomía
restaurantes,1868,Gastronomía
restaurantes,1457,Gastronomía
restaurantes,1622,Gastronomía
restaurantes,1886,Gastronomía
restaurantes,1417,Gastronomía
restaurantes,1525,Gastronomía
restaurantes,1572,Gastronomía
restaurantes,1381,Gastronomía
restaurantes,1469,Gastronomía
restaurantes,1507,Gastronomía
restaurantes,600,Gastronomía
restaurantes,1737,Gastronomía
restaurantes,1055,Gastronomía
restaurantes,1500,Gastronomía
restaurantes,1467,Gastronomía
restaurantes,1619,Gastronomía
restaurantes,1773,Gastronomía
restaurantes,1721,Gastronomía
restaurantes,1089,Gastronomía
restaurantes,779,Gastronomía
restaurantes,1732,Gastronomía
restaurantes,1167,Gastronomía
restaurantes,758,Gastronomía
restaurantes,1226,Gastronomía
restaurantes,1608,Gastronomía
restaurantes,1536,Gastronomía
restaurantes,1707,Gastronomía
restaurantes,1782,Gastronomía
restaurantes,1333,Gastronomía
restaurantes,1202,Gastronomía
restaurantes,1657,Gastronomía
restaurantes,1454,Gastronomía
restaurantes,886,Gastronomía
restaurantes,1155,Gastronomía
restaurantes,1453,Gastronomía
restaurantes,1949,Gastronomía
restaurantes,1515,Gastronomía
restaurantes,1161,Gastronomía
restaurantes,1042,Gastronomía
restaurantes,660,Gastronomía
restaurantes,1530,Gastronomía
restaurantes,1486,Gastronomía
restaurantes,1391,Gastronomía
restaurantes,1934,Gastronomía
restaurantes,1430,Gastronomía
restaurantes,1742,Gastronomía
restaurantes,1884,Gastronomía
restaurantes,642,Gastronomía
restaurantes,1170,Gastronomía
restaurantes,1104,Gastronomía
restaurantes,1558,Gastronomía
restaurantes,1397,Gastronomía
restaurantes,983,Gastronomía
restaurantes,625,Gastronomía
restaurantes,776,Gastronomía
restaurantes,1573,Gastronomía
restaurantes,998,Gastronomía
restaurantes,1526,Gastronomía
restaurantes,821,Gastronomía
restaurantes,1646,Gastronomía
restaurantes,694,Gastronomía
restaurantes,1751,Gastronomía
restaurantes,794,Gastronomía
restaurantes,804,Gastronomía
restaurantes,597,Gastronomía
restaurantes,1930,Gastronomía
restaurantes,1301,Gastronomía
restaurantes,1419,Gastronomía
restaurantes,1588,Gastronomía
restaurantes,1213,Gastronomía
restaurantes,1800,Gastronomía
restaurantes,630,Gastronomía
restaurantes,1504,Gastronomía
restaurantes,1890,Gastronomía
restaurantes,1821,Gastronomía
restaurantes,1854,Gastronomía
restaurantes,1284,Gastronomía
restaurantes,1346,Gastronomía
restaurantes,1649,Gastronomía
restaurantes,1019,Gastronomía
restaurantes,842,Gastronomía
restaurantes,1733,Gastronomía
restaurantes,1508,Gastronomía
restaurantes,705,Gastronomía
restaurantes,1822,Gastronomía
restaurantes,960,Gastronomía
restaurantes,1127,Gastronomía
restaurantes,1552,Gastronomía
restaurantes,1906,Gastronomía
restaurantes,991,Gastronomía
restaurantes,1574,Gastronomía
restaurantes,1169,Gastronomía
restaurantes,1759,Gastronomía
restaurantes,592,Gastronomía
restaurantes,1927,Gastronomía
restaurantes,1835,Gastronomía
restaurantes,1524,Gastronomía
restaurantes,947,Gastronomía
restaurantes,1853,Gastronomía
restaurantes,1788,Gastronomía
restaurantes,1431,Gastronomía
restaurantes,1264,Gastronomía
restaurantes,1563,Gastronomía
restaurantes,1880,Gastronomía
restaurantes,1314,Gastronomía
restaurantes,772,Gastronomía
restaurantes,1629,Gastronomía
restaurantes,1698,Gastronomía
restaurantes,789,Gastronomía
restaurantes,1792,Gastronomía
restaurantes,1905,Gastronomía
restaurantes,1723,Gastronomía
restaurantes,670,Gastronomía
restaurantes,1479,Gastronomía
restaurantes,1829,Gastronomía
restaurantes,1713,Gastronomía
restaurantes,967,Gastronomía
restaurantes,721,Gastronomía
restaurantes,690,Gastronomía
restaurantes,1488,Gastronomía
restaurantes,1838,Gastronomía
restaurantes,1725,Gastronomía
restaurantes,892,Gastronomía
restaurantes,1110,Gastronomía
restaurantes,1223,Gastronomía
restaurantes,1193,Gastronomía
restaurantes,1054,Gastronomía
restaurantes,970,Gastronomía
restaurantes,1774,Gastronomía
restaurantes,644,Gastronomía
restaurantes,1423,Gastronomía
restaurantes,585,Gastronomía
restaurantes,1775,Gastronomía
restaurantes,1038,Gastronomía
restaurantes,570,Gastronomía
restaurantes,1232,Gastronomía
restaurantes,1904,Gastronomía
restaurantes,969,Gastronomía
restaurantes,1661,Gastronomía
restaurantes,616,Gastronomía
restaurantes,1380,Gastronomía
restaurantes,1533,Gastronomía
restaurantes,1098,Gastronomía
restaurantes,1363,Gastronomía
restaurantes,1645,Gastronomía
restaurantes,959,Gastronomía
restaurantes,1897,Gastronomía
restaurantes,990,Gastronomía
restaurantes,767,Gastronomía
restaurantes,1330,Gastronomía
restaurantes,739,Gastronomía
restaurantes,1787,Gastronomía
restaurantes,897,Gastronomía
restaurantes,957,Gastronomía
restaurantes,1087,Gastronomía
restaurantes,1102,Gastronomía
restaurantes,811,Gastronomía
restaurantes,993,Gastronomía
restaurantes,885,Gastronomía
restaurantes,1790,Gastronomía
restaurantes,1913,Gastronomía
restaurantes,657,Gastronomía
restaurantes,1939,Gastronomía
restaurantes,1815,Gastronomía
restaurantes,1064,Gastronomía
restaurantes,1715,Gastronomía
restaurantes,917,Gastronomía
restaurantes,1589,Gastronomía
restaurantes,1601,Gastronomía
restaurantes,1724,Gastronomía
restaurantes,1422,Gastronomía
restaurantes,1067,Gastronomía
restaurantes,985,Gastronomía
restaurantes,1265,Gastronomía
restaurantes,1014,Gastronomía
restaurantes,681,Gastronomía
restaurantes,1662,Gastronomía
restaurantes,1219,Gastronomía
restaurantes,1459,Gastronomía
restaurantes,1869,Gastronomía
restaurantes,1529,Gastronomía
restaurantes,902,Gastronomía
restaurantes,1340,Gastronomía
restaurantes,1428,Gastronomía
restaurantes,1498,Gastronomía
restaurantes,812,Gastronomía
restaurantes,663,Gastronomía
restaurantes,908,Gastronomía
restaurantes,1844,Gastronomía
restaurantes,1203,Gastronomía
restaurantes,1028,Gastronomía
restaurantes,1111,Gastronomía
restaurantes,1902,Gastronomía
restaurantes,1248,Gastronomía
restaurantes,907,Gastronomía
restaurantes,1665,Gastronomía
restaurantes,1730,Gastronomía
restaurantes,968,Gastronomía
restaurantes,838,Gastronomía
restaurantes,1794,Gastronomía
restaurantes,1510,Gastronomía
restaurantes,1888,Gastronomía
restaurantes,712,Gastronomía
restaurantes,873,Gastronomía
restaurantes,1614,Gastronomía
restaurantes,1027,Gastronomía
restaurantes,1827,Gastronomía
restaurantes,1442,Gastronomía
restaurantes,1116,Gastronomía
restaurantes,948,Gastronomía
restaurantes,1755,Gastronomía
restaurantes,1633,Gastronomía
restaurantes,921,Gastronomía
restaurantes,577,Gastronomía
restaurantes,1126,Gastronomía
restaurantes,1664,Gastronomía
restaurantes,1239,Gastronomía
restaurantes,1412,Gastronomía
restaurantes,1549,Gastronomía
restaurantes,1945,Gastronomía
restaurantes,884,Gastronomía
restaurantes,1220,Gastronomía
restaurantes,590,Gastronomía
restaurantes,731,Gastronomía
restaurantes,847,Gastronomía
restaurantes,1836,Gastronomía
restaurantes,704,Gastronomía
restaurantes,1164,Gastronomía
restaurantes,1448,Gastronomía
restaurantes,662,Gastronomía
restaurantes,790,Gastronomía
restaurantes,1307,Gastronomía
restaurantes,1318,Gastronomía
restaurantes,1480,Gastronomía
restaurantes,1710,Gastronomía
restaurantes,701,Gastronomía
restaurantes,1859,Gastronomía
restaurantes,605,Gastronomía
restaurantes,645,Gastronomía
restaurantes,825,Gastronomía
restaurantes,687,Gastronomía
restaurantes,1852,Gastronomía
restaurantes,1770,Gastronomía
restaurantes,1133,Gastronomía
restaurantes,1637,Gastronomía
restaurantes,1870,Gastronomía
restaurantes,638,Gastronomía
restaurantes,796,Gastronomía
restaurantes,710,Gastronomía
restaurantes,1765,Gastronomía
restaurantes,1924,Gastronomía
restaurantes,1300,Gastronomía
restaurantes,904,Gastronomía
restaurantes,961,Gastronomía
restaurantes,1746,Gastronomía
restaurantes,595,Gastronomía
restaurantes,1590,Gastronomía
restaurantes,1931,Gastronomía
restaurantes,697,Gastronomía
restaurantes,1686,Gastronomía
restaurantes,1749,Gastronomía
restaurantes,1659,Gastronomía
restaurantes,615,Gastronomía
restaurantes,676,Gastronomía
restaurantes,1465,Gastronomía
restaurantes,1801,Gastronomía
restaurantes,1299,Gastronomía
restaurantes,1000,Gastronomía
restaurantes,1826,Gastronomía
restaurantes,1684,Gastronomía
restaurantes,1747,Gastronomía
restaurantes,1396,Gastronomía
restaurantes,1402,Gastronomía
restaurantes,1440,Gastronomía
restaurantes,1685,Gastronomía
restaurantes,1757,Gastronomía
restaurantes,1484,Gastronomía
restaurantes,1718,Gastronomía
restaurantes,1736,Gastronomía
restaurantes,898,Gastronomía
restaurantes,572,Gastronomía
restaurantes,1207,Gastronomía
restaurantes,1797,Gastronomía
restaurantes,586,Gastronomía
restaurantes,594,Gastronomía
restaurantes,1234,Gastronomía
restaurantes,1784,Gastronomía
restaurantes,1689,Gastronomía
restaurantes,797,Gastronomía
restaurantes,1455,Gastronomía
restaurantes,740,Gastronomía
restaurantes,1903,Gastronomía
restaurantes,972,Gastronomía
restaurantes,953,Gastronomía
restaurantes,1892,Gastronomía
restaurantes,765,Gastronomía
restaurantes,750,Gastronomía
restaurantes,1760,Gastronomía
restaurantes,1372,Gastronomía
restaurantes,831,Gastronomía
restaurantes,934,Gastronomía
restaurantes,651,Gastronomía
restaurantes,1752,Gastronomía
restaurantes,984,Gastronomía
restaurantes,795,Gastronomía
restaurantes,1046,Gastronomía
restaurantes,1259,Gastronomía
restaurantes,1856,Gastronomía
restaurantes,870,Gastronomía
restaurantes,1925,Gastronomía
restaurantes,1803,Gastronomía
restaurantes,1740,Gastronomía
restaurantes,1489,Gastronomía
restaurantes,1538,Gastronomía
restaurantes,1365,Gastronomía
restaurantes,1456,Gastronomía
restaurantes,569,Gastronomía
restaurantes,1077,Gastronomía
restaurantes,1580,Gastronomía
restaurantes,1145,Gastronomía
restaurantes,1247,Gastronomía
restaurantes,965,Gastronomía
restaurantes,1032,Gastronomía
restaurantes,1377,Gastronomía
restaurantes,1135,Gastronomía
restaurantes,866,Gastronomía
restaurantes,781,Gastronomía
restaurantes,1921,Gastronomía
restaurantes,1683,Gastronomía
restaurantes,976,Gastronomía
restaurantes,1857,Gastronomía
restaurantes,1583,Gastronomía
restaurantes,709,Gastronomía
restaurantes,1943,Gastronomía
restaurantes,1720,Gastronomía
restaurantes,995,Gastronomía
restaurantes,1582,Gastronomía
restaurantes,835,Gastronomía
restaurantes,1172,Gastronomía
restaurantes,1224,Gastronomía
restaurantes,1569,Gastronomía
restaurantes,1894,Gastronomía
restaurantes,1813,Gastronomía
restaurantes,1750,Gastronomía
restaurantes,1858,Gastronomía
restaurantes,1697,Gastronomía
restaurantes,1267,Gastronomía
restaurantes,1404,Gastronomía
restaurantes,708,Gastronomía
restaurantes,1222,Gastronomía
restaurantes,1599,Gastronomía
restaurantes,896,Gastronomía
restaurantes,1793,Gastronomía
restaurantes,620,Gastronomía
restaurantes,568,Gastronomía
restaurantes,1652,Gastronomía
restaurantes,1630,Gastronomía
restaurantes,1917,Gastronomía
restaurantes,653,Gastronomía
restaurantes,1522,Gastronomía
restaurantes,1805,Gastronomía
restaurantes,1691,Gastronomía
restaurantes,1626,Gastronomía
restaurantes,1394,Gastronomía
restaurantes,982,Gastronomía
restaurantes,883,Gastronomía
restaurantes,1843,Gastronomía
restaurantes,1471,Gastronomía
restaurantes,1086,Gastronomía
restaurantes,1242,Gastronomía
restaurantes,1393,Gastronomía
restaurantes,671,Gastronomía
restaurantes,1796,Gastronomía
restaurantes,1063,Gastronomía
restaurantes,1578,Gastronomía
restaurantes,1696,Gastronomía
restaurantes,1186,Gastronomía
restaurantes,1262,Gastronomía
restaurantes,1097,Gastronomía
restaurantes,1839,Gastronomía
restaurantes,1806,Gastronomía
restaurantes,1901,Gastronomía
restaurantes,922,Gastronomía
restaurantes,1678,Gastronomía
restaurantes,1069,Gastronomía
restaurantes,1771,Gastronomía
restaurantes,1711,Gastronomía
restaurantes,1339,Gastronomía
restaurantes,849,Gastronomía
restaurantes,732,Gastronomía
restaurantes,1410,Gastronomía
restaurantes,780,Gastronomía
restaurantes,1887,Gastronomía
restaurantes,1015,Gastronomía
restaurantes,1557,Gastronomía
restaurantes,1375,Gastronomía
restaurantes,1519,Gastronomía
restaurantes,1033,Gastronomía
restaurantes,1922,Gastronomía
restaurantes,1514,Gastronomía
restaurantes,1424,Gastronomía
restaurantes,699,Gastronomía
restaurantes,1124,Gastronomía
restaurantes,1043,Gastronomía
restaurantes,1704,Gastronomía
restaurantes,1132,Gastronomía
restaurantes,1315,Gastronomía
restaurantes,962,Gastronomía
restaurantes,1919,Gastronomía
restaurantes,672,Gastronomía
restaurantes,1594,Gastronomía
restaurantes,1744,Gastronomía
restaurantes,938,Gastronomía
restaurantes,1117,Gastronomía
restaurantes,862,Gastronomía
restaurantes,1820,Gastronomía
restaurantes,1703,Gastronomía
restaurantes,700,Gastronomía
restaurantes,730,Gastronomía
restaurantes,1076,Gastronomía
restaurantes,627,Gastronomía
restaurantes,1189,Gastronomía
restaurantes,1516,Gastronomía
restaurantes,667,Gastronomía
restaurantes,1923,Gastronomía
restaurantes,1030,Gastronomía
restaurantes,1281,Gastronomía
restaurantes,1350,Gastronomía
restaurantes,1329,Gastronomía
restaurantes,769,Gastronomía
restaurantes,981,Gastronomía
restaurantes,905,Gastronomía
restaurantes,1734,Gastronomía
restaurantes,1411,Gastronomía
restaurantes,1597,Gastronomía
restaurantes,669,Gastronomía
restaurantes,979,Gastronomía
restaurantes,1816,Gastronomía
restaurantes,923,Gastronomía
restaurantes,1781,Gastronomía
restaurantes,637,Gastronomía
restaurantes,1400,Gastronomía
restaurantes,1470,Gastronomía
restaurantes,1937,Gastronomía
restaurantes,828,Gastronomía
restaurantes,1837,Gastronomía
restaurantes,803,Gastronomía
restaurantes,1472,Gastronomía
restaurantes,622,Gastronomía
restaurantes,1016,Gastronomía
restaurantes,1804,Gastronomía
restaurantes,1134,Gastronomía
restaurantes,702,Gastronomía
restaurantes,608,Gastronomía
restaurantes,754,Gastronomía
restaurantes,1638,Gastronomía
restaurantes,764,Gastronomía
restaurantes,1874,Gastronomía
restaurantes,738,Gastronomía
restaurantes,1865,Gastronomía
restaurantes,1632,Gastronomía
restaurantes,916,Gastronomía
restaurantes,1347,Gastronomía
restaurantes,785,Gastronomía
restaurantes,1094,Gastronomía
restaurantes,1206,Gastronomía
restaurantes,1812,Gastronomía
restaurantes,1893,Gastronomía
restaurantes,1585,Gastronomía
restaurantes,1882,Gastronomía
restaurantes,673,Gastronomía
restaurantes,1351,Gastronomía
restaurantes,1254,Gastronomía
restaurantes,865,Gastronomía
restaurantes,899,Gastronomía
restaurantes,675,Gastronomía
restaurantes,1666,Gastronomía
restaurantes,757,Gastronomía
restaurantes,718,Gastronomía
restaurantes,860,Gastronomía
restaurantes,635,Gastronomía
restaurantes,693,Gastronomía
restaurantes,1079,Gastronomía
restaurantes,855,Gastronomía
restaurantes,1444,Gastronomía
restaurantes,1361,Gastronomía
restaurantes,735,Gastronomía
restaurantes,1152,Gastronomía
restaurantes,1849,Gastronomía
restaurantes,1767,Gastronomía
restaurantes,1864,Gastronomía
restaurantes,1481,Gastronomía
restaurantes,1688,Gastronomía
restaurantes,1745,Gastronomía
restaurantes,1701,Gastronomía
restaurantes,915,Gastronomía
restaurantes,1763,Gastronomía
restaurantes,695,Gastronomía
restaurantes,926,Gastronomía
restaurantes,1357,Gastronomía
restaurantes,1041,Gastronomía
restaurantes,593,Gastronomía
restaurantes,1175,Gastronomía
restaurantes,852,Gastronomía
restaurantes,1434,Gastronomía
restaurantes,707,Gastronomía
restaurantes,1798,Gastronomía
restaurantes,1502,Gastronomía
restaurantes,1605,Gastronomía
restaurantes,1613,Gastronomía
restaurantes,1403,Gastronomía
restaurantes,1236,Gastronomía
restaurantes,1811,Gastronomía
restaurantes,1326,Gastronomía
restaurantes,1251,Gastronomía
restaurantes,1693,Gastronomía
restaurantes,1435,Gastronomía
restaurantes,1863,Gastronomía
restaurantes,614,Gastronomía
restaurantes,964,Gastronomía
restaurantes,1537,Gastronomía
restaurantes,1547,Gastronomía
restaurantes,1146,Gastronomía
restaurantes,682,Gastronomía
restaurantes,927,Gastronomía
restaurantes,759,Gastronomía
restaurantes,941,Gastronomía
restaurantes,1621,Gastronomía
restaurantes,1727,Gastronomía
restaurantes,1297,Gastronomía
restaurantes,639,Gastronomía
restaurantes,1550,Gastronomía
restaurantes,1136,Gastronomía
restaurantes,949,Gastronomía
restaurantes,1847,Gastronomía
restaurantes,1520,Gastronomía
restaurantes,1618,Gastronomía
restaurantes,736,Gastronomía
restaurantes,1061,Gastronomía
restaurantes,773,Gastronomía
restaurantes,1291,Gastronomía
restaurantes,1122,Gastronomía
restaurantes,1776,Gastronomía
restaurantes,1138,Gastronomía
restaurantes,1635,Gastronomía
restaurantes,1819,Gastronomía
restaurantes,1473,Gastronomía
restaurantes,1183,Gastronomía
restaurantes,1276,Gastronomía
restaurantes,715,Gastronomía
restaurantes,1602,Gastronomía
restaurantes,1306,Gastronomía
restaurantes,1106,Gastronomía
restaurantes,854,Gastronomía
restaurantes,1728,Gastronomía
restaurantes,1013,Gastronomía
restaurantes,1017,Gastronomía
restaurantes,1095,Gastronomía
restaurantes,722,Gastronomía
restaurantes,810,Gastronomía
restaurantes,1285,Gastronomía
restaurantes,1002,Gastronomía
restaurantes,727,Gastronomía
restaurantes,1834,Gastronomía
restaurantes,1153,Gastronomía
restaurantes,1215,Gastronomía
restaurantes,1634,Gastronomía
restaurantes,613,Gastronomía
restaurantes,1831,Gastronomía
restaurantes,1511,Gastronomía
restaurantes,1738,Gastronomía
restaurantes,1449,Gastronomía
restaurantes,1408,Gastronomía
restaurantes,617,Gastronomía
restaurantes,1654,Gastronomía
restaurantes,1256,Gastronomía
restaurantes,1539,Gastronomía
restaurantes,1342,Gastronomía
restaurantes,745,Gastronomía
restaurantes,734,Gastronomía
restaurantes,1225,Gastronomía
restaurantes,1059,Gastronomía
restaurantes,1791,Gastronomía
restaurantes,911,Gastronomía
restaurantes,1895,Gastronomía
restaurantes,999,Gastronomía
restaurantes,1647,Gastronomía
restaurantes,1319,Gastronomía
restaurantes,877,Gastronomía
restaurantes,1327,Gastronomía
restaurantes,1628,Gastronomía
restaurantes,591,Gastronomía
restaurantes,840,Gastronomía
restaurantes,963,Gastronomía
restaurantes,596,Gastronomía
restaurantes,636,Gastronomía
restaurantes,1604,Gastronomía
restaurantes,1482,Gastronomía
restaurantes,1873,Gastronomía
restaurantes,1020,Gastronomía
restaurantes,1317,Gastronomía
restaurantes,1809,Gastronomía
restaurantes,609,Gastronomía
restaurantes,966,Gastronomía
restaurantes,951,Gastronomía
restaurantes,679,Gastronomía
restaurantes,1323,Gastronomía
restaurantes,1926,Gastronomía
restaurantes,1845,Gastronomía
restaurantes,1268,Gastronomía
restaurantes,733,Gastronomía
restaurantes,824,Gastronomía
restaurantes,1053,Gastronomía
restaurantes,633,Gastronomía
restaurantes,1631,Gastronomía
restaurantes,1777,Gastronomía
restaurantes,836,Gastronomía
restaurantes,1581,Gastronomía
restaurantes,1026,Gastronomía
restaurantes,1758,Gastronomía
restaurantes,1109,Gastronomía
restaurantes,914,Gastronomía
restaurantes,1908,Gastronomía
restaurantes,1741,Gastronomía
restaurantes,1244,Gastronomía
restaurantes,1878,Gastronomía
restaurantes,1426,Gastronomía
restaurantes,881,Gastronomía
restaurantes,1810,Gastronomía
restaurantes,1084,Gastronomía
restaurantes,1316,Gastronomía
restaurantes,1911,Gastronomía
restaurantes,1495,Gastronomía
restaurantes,802,Gastronomía
restaurantes,743,Gastronomía
restaurantes,692,Gastronomía
restaurantes,1636,Gastronomía
restaurantes,659,Gastronomía
restaurantes,1341,Gastronomía
restaurantes,1443,Gastronomía
restaurantes,1542,Gastronomía
restaurantes,1786,Gastronomía
restaurantes,1673,Gastronomía
restaurantes,631,Gastronomía
restaurantes,834,Gastronomía
restaurantes,1571,Gastronomía
restaurantes,610,Gastronomía
restaurantes,1304,Gastronomía
restaurantes,1427,Gastronomía
restaurantes,1670,Gastronomía
restaurantes,1185,Gastronomía
restaurantes,1151,Gastronomía
restaurantes,1499,Gastronomía
restaurantes,1034,Gastronomía
restaurantes,1158,Gastronomía
restaurantes,958,Gastronomía
restaurantes,1506,Gastronomía
restaurantes,1726,Gastronomía
restaurantes,1789,Gastronomía
restaurantes,1078,Gastronomía
restaurantes,602,Gastronomía
restaurantes,1875,Gastronomía
restaurantes,924,Gastronomía
restaurantes,1035,Gastronomía
restaurantes,1238,Gastronomía
restaurantes,1009,Gastronomía
restaurantes,820,Gastronomía
restaurantes,986,Gastronomía
restaurantes,1358,Gastronomía
restaurantes,1293,Gastronomía
restaurantes,1706,Gastronomía
restaurantes,1783,Gastronomía
restaurantes,1915,Gastronomía
restaurantes,1289,Gastronomía
restaurantes,1354,Gastronomía
restaurantes,1313,Gastronomía
restaurantes,978,Gastronomía
restaurantes,863,Gastronomía
restaurantes,822,Gastronomía
restaurantes,1568,Gastronomía
restaurantes,909,Gastronomía
restaurantes,1679,Gastronomía
restaurantes,1586,Gastronomía
restaurantes,1766,Gastronomía
restaurantes,929,Gastronomía
restaurantes,1217,Gastronomía
restaurantes,611,Gastronomía
restaurantes,793,Gastronomía
restaurantes,799,Gastronomía
restaurantes,1191,Gastronomía
restaurantes,1282,Gastronomía
restaurantes,643,Gastronomía
restaurantes,1532,Gastronomía
restaurantes,623,Gastronomía
restaurantes,844,Gastronomía
restaurantes,845,Gastronomía
restaurantes,936,Gastronomía
restaurantes,604,Gastronomía
restaurantes,1058,Gastronomía
restaurantes,1010,Gastronomía
restaurantes,626,Gastronomía
restaurantes,1663,Gastronomía
restaurantes,1483,Gastronomía
restaurantes,1716,Gastronomía
restaurantes,1445,Gastronomía
restaurantes,1288,Gastronomía
restaurantes,1936,Gastronomía
restaurantes,599,Gastronomía
restaurantes,1487,Gastronomía
restaurantes,618,Gastronomía
restaurantes,678,Gastronomía
restaurantes,1609,Gastronomía
restaurantes,1719,Gastronomía
restaurantes,1018,Gastronomía
restaurantes,583,Gastronomía
restaurantes,703,Gastronomía
restaurantes,698,Gastronomía
restaurantes,942,Gastronomía
restaurantes,1496,Gastronomía
restaurantes,1612,Gastronomía
restaurantes,1048,Gastronomía
restaurantes,1699,Gastronomía
restaurantes,1249,Gastronomía
restaurantes,1260,Gastronomía
restaurantes,598,Gastronomía
restaurantes,1606,Gastronomía
restaurantes,1518,Gastronomía
restaurantes,989,Gastronomía
restaurantes,1648,Gastronomía
restaurantes,1739,Gastronomía
restaurantes,1258,Gastronomía
restaurantes,1851,Gastronomía
restaurantes,762,Gastronomía
restaurantes,1171,Gastronomía
restaurantes,688,Gastronomía
restaurantes,1644,Gastronomía
restaurantes,1780,Gastronomía
restaurantes,1579,Gastronomía
restaurantes,771,Gastronomía
restaurantes,1900,Gastronomía
restaurantes,971,Gastronomía
restaurantes,1729,Gastronomía
restaurantes,742,Gastronomía
restaurantes,634,Gastronomía
restaurantes,1817,Gastronomía
restaurantes,1252,Gastronomía
restaurantes,1286,Gastronomía
restaurantes,666,Gastronomía
restaurantes,1651,Gastronomía
restaurantes,641,Gastronomía
restaurantes,1103,Gastronomía
restaurantes,903,Gastronomía
restaurantes,1378,Gastronomía
restaurantes,932,Gastronomía
restaurantes,1112,Gastronomía
restaurantes,1049,Gastronomía
restaurantes,1320,Gastronomía
restaurantes,1406,Gastronomía
restaurantes,1343,Gastronomía
restaurantes,1407,Gastronomía
restaurantes,1587,Gastronomía
restaurantes,1681,Gastronomía
restaurantes,1163,Gastronomía
restaurantes,1772,Gastronomía
restaurantes,848,Gastronomía
restaurantes,1818,Gastronomía
restaurantes,1139,Gastronomía
restaurantes,841,Gastronomía
restaurantes,1309,Gastronomía
restaurantes,1421,Gastronomía
restaurantes,1310,Gastronomía
restaurantes,1700,Gastronomía
restaurantes,775,Gastronomía
restaurantes,1731,Gastronomía
restaurantes,850,Gastronomía
restaurantes,1177,Gastronomía
restaurantes,1889,Gastronomía
restaurantes,746,Gastronomía
restaurantes,1512,Gastronomía
restaurantes,933,Gastronomía
restaurantes,1933,Gastronomía
restaurantes,1115,Gastronomía
restaurantes,808,Gastronomía
restaurantes,787,Gastronomía
restaurantes,658,Gastronomía
restaurantes,786,Gastronomía
restaurantes,1208,Gastronomía
restaurantes,726,Gastronomía
restaurantes,1416,Gastronomía
restaurantes,919,Gastronomía
restaurantes,868,Gastronomía
restaurantes,774,Gastronomía
restaurantes,935,Gastronomía
restaurantes,1891,Gastronomía
restaurantes,1764,Gastronomía
restaurantes,1023,Gastronomía
restaurantes,1311,Gastronomía
restaurantes,1544,Gastronomía
restaurantes,1509,Gastronomía
restaurantes,1478,Gastronomía
restaurantes,1907,Gastronomía
restaurantes,1436,Gastronomía
restaurantes,1824,Gastronomía
restaurantes,729,Gastronomía
restaurantes,737,Gastronomía
restaurantes,1060,Gastronomía
restaurantes,1623,Gastronomía
restaurantes,1527,Gastronomía
restaurantes,1218,Gastronomía
restaurantes,1274,Gastronomía
restaurantes,628,Gastronomía
restaurantes,1695,Gastronomía
restaurantes,1051,Gastronomía
restaurantes,975,Gastronomía
restaurantes,1517,Gastronomía
restaurantes,928,Gastronomía
restaurantes,792,Gastronomía
restaurantes,1066,Gastronomía
restaurantes,656,Gastronomía
restaurantes,1639,Gastronomía
restaurantes,1898,Gastronomía
restaurantes,1551,Gastronomía
restaurantes,606,Gastronomía
restaurantes,1840,Gastronomía
restaurantes,1165,Gastronomía
restaurantes,1577,Gastronomía
restaurantes,1833,Gastronomía
restaurantes,1938,Gastronomía
restaurantes,1150,Gastronomía
restaurantes,1062,Gastronomía
restaurantes,756,Gastronomía
restaurantes,1373,Gastronomía
restaurantes,816,Gastronomía
restaurantes,720,Gastronomía
restaurantes,1929,Gastronomía
restaurantes,1658,Gastronomía
restaurantes,1364,Gastronomía
restaurantes,1085,Gastronomía
restaurantes,880,Gastronomía
restaurantes,1044,Gastronomía
restaurantes,1216,Gastronomía
restaurantes,1462,Gastronomía
restaurantes,913,Gastronomía
restaurantes,1928,Gastronomía
restaurantes,1128,Gastronomía
restaurantes,1241,Gastronomía
restaurantes,1021,Gastronomía
restaurantes,1176,Gastronomía
restaurantes,1012,Gastronomía
restaurantes,755,Gastronomía
restaurantes,1072,Gastronomía
restaurantes,1212,Gastronomía
restaurantes,1173,Gastronomía
restaurantes,893,Gastronomía
restaurantes,1624,Gastronomía
restaurantes,1862,Gastronomía
restaurantes,1083,Gastronomía
restaurantes,856,Gastronomía
restaurantes,1088,Gastronomía
restaurantes,955,Gastronomía
restaurantes,1303,Gastronomía
restaurantes,1255,Gastronomía
restaurantes,858,Gastronomía
restaurantes,1493,Gastronomía
restaurantes,1081,Gastronomía
restaurantes,752,Gastronomía
restaurantes,1399,Gastronomía
restaurantes,1842,Gastronomía
restaurantes,950,Gastronomía
restaurantes,1099,Gastronomía
restaurantes,1564,Gastronomía
restaurantes,1011,Gastronomía
restaurantes,1680,Gastronomía
restaurantes,1883,Gastronomía
restaurantes,980,Gastronomía
restaurantes,1166,Gastronomía
restaurantes,1409,Gastronomía
restaurantes,1379,Gastronomía
restaurantes,1331,Gastronomía
restaurantes,1541,Gastronomía
restaurantes,1385,Gastronomía
restaurantes,997,Gastronomía
restaurantes,1182,Gastronomía
restaurantes,1477,Gastronomía
restaurantes,1240,Gastronomía
restaurantes,1660,Gastronomía
restaurantes,661,Gastronomía
restaurantes,1205,Gastronomía
restaurantes,1466,Gastronomía
restaurantes,1885,Gastronomía
restaurantes,1543,Gastronomía
restaurantes,1359,Gastronomía
restaurantes,1553,Gastronomía
restaurantes,1497,Gastronomía
restaurantes,832,Gastronomía
restaurantes,813,Gastronomía
restaurantes,1073,Gastronomía
restaurantes,571,Gastronomía
restaurantes,1802,Gastronomía
restaurantes,1591,Gastronomía
restaurantes,867,Gastronomía
restaurantes,1382,Gastronomía
restaurantes,1367,Gastronomía
restaurantes,1807,Gastronomía
restaurantes,1415,Gastronomía
restaurantes,1047,Gastronomía
restaurantes,1194,Gastronomía
restaurantes,1920,Gastronomía
restaurantes,1090,Gastronomía
restaurantes,1546,Gastronomía
restaurantes,819,Gastronomía
restaurantes,1860,Gastronomía
restaurantes,1692,Gastronomía
restaurantes,1559,Gastronomía
restaurantes,1269,Gastronomía
restaurantes,1261,Gastronomía
restaurantes,1324,Gastronomía
restaurantes,1187,Gastronomía
restaurantes,1227,Gastronomía
restaurantes,1257,Gastronomía
restaurantes,1178,Gastronomía
restaurantes,906,Gastronomía
restaurantes,784,Gastronomía
restaurantes,674,Gastronomía
restaurantes,1676,Gastronomía
restaurantes,1916,Gastronomía
restaurantes,1523,Gastronomía
restaurantes,1159,Gastronomía
restaurantes,887,Gastronomía
restaurantes,1593,Gastronomía
restaurantes,843,Gastronomía
restaurantes,1576,Gastronomía
restaurantes,1722,Gastronomía
restaurantes,874,Gastronomía
restaurantes,770,Gastronomía
restaurantes,1120,Gastronomía
restaurantes,943,Gastronomía
restaurantes,1037,Gastronomía
restaurantes,1877,Gastronomía
restaurantes,1143,Gastronomía
restaurantes,1057,Gastronomía
restaurantes,647,Gastronomía
restaurantes,646,Gastronomía
restaurantes,1779,Gastronomía
restaurantes,974,Gastronomía
restaurantes,1093,Gastronomía
restaurantes,1554,Gastronomía
restaurantes,1521,Gastronomía
restaurantes,1548,Gastronomía
restaurantes,872,Gastronomía
restaurantes,1753,Gastronomía
restaurantes,833,Gastronomía
restaurantes,686,Gastronomía
restaurantes,1398,Gastronomía
restaurantes,1148,Gastronomía
restaurantes,1935,Gastronomía
restaurantes,992,Gastronomía
restaurantes,846,Gastronomía
restaurantes,1131,Gastronomía
restaurantes,1296,Gastronomía
restaurantes,648,Gastronomía
restaurantes,805,Gastronomía
restaurantes,1814,Gastronomía
restaurantes,1210,Gastronomía
restaurantes,1584,Gastronomía
restaurantes,788,Gastronomía
restaurantes,1531,Gastronomía
restaurantes,1345,Gastronomía
restaurantes,1243,Gastronomía
restaurantes,665,Gastronomía
restaurantes,1951,Gastronomía
restaurantes,1174,Gastronomía
restaurantes,760,Gastronomía
restaurantes,1119,Gastronomía
restaurantes,817,Gastronomía
restaurantes,1446,Gastronomía
restaurantes,1228,Gastronomía
restaurantes,1179,Gastronomía
restaurantes,1204,Gastronomía
restaurantes,1687,Gastronomía
restaurantes,1231,Gastronomía
restaurantes,1389,Gastronomía
restaurantes,996,Gastronomía
restaurantes,1490,Gastronomía
restaurantes,1298,Gastronomía
restaurantes,1271,Gastronomía
restaurantes,691,Gastronomía
restaurantes,654,Gastronomía
restaurantes,1096,Gastronomía
restaurantes,801,Gastronomía
restaurantes,1080,Gastronomía
restaurantes,851,Gastronomía
restaurantes,1401,Gastronomía
restaurantes,1290,Gastronomía
restaurantes,1566,Gastronomía
restaurantes,800,Gastronomía
restaurantes,668,Gastronomía
restaurantes,1180,Gastronomía
restaurantes,837,Gastronomía
restaurantes,894,Gastronomía
restaurantes,1325,Gastronomía
restaurantes,1879,Gastronomía
restaurantes,1075,Gastronomía
restaurantes,1211,Gastronomía
restaurantes,1040,Gastronomía
restaurantes,1352,Gastronomía
restaurantes,1437,Gastronomía
restaurantes,579,Gastronomía
restaurantes,1620,Gastronomía
restaurantes,1627,Gastronomía
restaurantes,1948,Gastronomía
restaurantes,1157,Gastronomía
restaurantes,939,Gastronomía
restaurantes,1065,Gastronomía
restaurantes,1253,Gastronomía
restaurantes,1328,Gastronomía
restaurantes,1545,Gastronomía
restaurantes,1074,Gastronomía
restaurantes,1071,Gastronomía
restaurantes,1355,Gastronomía
restaurantes,1607,Gastronomía
restaurantes,1910,Gastronomía
restaurantes,1368,Gastronomía
restaurantes,1867,Gastronomía
restaurantes,807,Gastronomía
restaurantes,1221,Gastronomía
restaurantes,1091,Gastronomía
restaurantes,1761,Gastronomía
restaurantes,696,Gastronomía
restaurantes,1295,Gastronomía
restaurantes,719,Gastronomía
restaurantes,1036,Gastronomía
restaurantes,1872,Gastronomía
restaurantes,1425,Gastronomía
restaurantes,1405,Gastronomía
restaurantes,1302,Gastronomía
restaurantes,1349,Gastronomía
restaurantes,1140,Gastronomía
restaurantes,1899,Gastronomía
restaurantes,1808,Gastronomía
restaurantes,580,Gastronomía
restaurantes,1101,Gastronomía
restaurantes,768,Gastronomía
restaurantes,1129,Gastronomía
restaurantes,1362,Gastronomía
restaurantes,1616,Gastronomía
restaurantes,1005,Gastronomía
restaurantes,621,Gastronomía
restaurantes,1237,Gastronomía
restaurantes,1188,Gastronomía
restaurantes,1332,Gastronomía
restaurantes,809,Gastronomía
restaurantes,1754,Gastronomía
restaurantes,1114,Gastronomía
restaurantes,1214,Gastronomía
restaurantes,1450,Gastronomía
restaurantes,1429,Gastronomía
restaurantes,1762,Gastronomía
restaurantes,711,Gastronomía
restaurantes,1266,Gastronomía
restaurantes,826,Gastronomía
restaurantes,1279,Gastronomía
restaurantes,875,Gastronomía
restaurantes,1655,Gastronomía
restaurantes,1850,Gastronomía
restaurantes,753,Gastronomía
restaurantes,1501,Gastronomía
restaurantes,1625,Gastronomía
restaurantes,1160,Gastronomía
restaurantes,652,Gastronomía
restaurantes,1561,Gastronomía
restaurantes,728,Gastronomía
restaurantes,1370,Gastronomía
restaurantes,1184,Gastronomía
restaurantes,1433,Gastronomía
restaurantes,1463,Gastronomía
restaurantes,677,Gastronomía
restaurantes,1540,Gastronomía
restaurantes,1909,Gastronomía
restaurantes,576,Gastronomía
restaurantes,1570,Gastronomía
restaurantes,1855,Gastronomía
restaurantes,683,Gastronomía
restaurantes,1209,Gastronomía
restaurantes,1006,Gastronomía
restaurantes,1503,Gastronomía
restaurantes,1950,Gastronomía
restaurantes,1438,Gastronomía
restaurantes,1534,Gastronomía
restaurantes,1199,Gastronomía
restaurantes,1004,Gastronomía
restaurantes,1348,Gastronomía
restaurantes,1273,Gastronomía
restaurantes,1001,Gastronomía
restaurantes,1876,Gastronomía
restaurantes,890,Gastronomía
restaurantes,1828,Gastronomía
restaurantes,1003,Gastronomía
restaurantes,624,Gastronomía
restaurantes,1245,Gastronomía
restaurantes,1287,Gastronomía
restaurantes,1600,Gastronomía
restaurantes,1705,Gastronomía
restaurantes,1795,Gastronomía
restaurantes,1912,Gastronomía
restaurantes,871,Gastronomía
restaurantes,1105,Gastronomía
restaurantes,1932,Gastronomía
restaurantes,1092,Gastronomía
restaurantes,1439,Gastronomía
restaurantes,1556,Gastronomía
restaurantes,891,Gastronomía
restaurantes,1918,Gastronomía
restaurantes,1390,Gastronomía
restaurantes,1322,Gastronomía
restaurantes,973,Gastronomía
restaurantes,1283,Gastronomía
restaurantes,829,Gastronomía
restaurantes,1277,Gastronomía
restaurantes,954,Gastronomía
restaurantes,910,Gastronomía
restaurantes,1369,Gastronomía
restaurantes,912,Gastronomía
restaurantes,1181,Gastronomía
restaurantes,680,Gastronomía
restaurantes,1717,Gastronomía
restaurantes,1677,Gastronomía
restaurantes,940,Gastronomía
restaurantes,1045,Gastronomía
restaurantes,857,Gastronomía
restaurantes,839,Gastronomía
restaurantes,1201,Gastronomía
restaurantes,763,Gastronomía
restaurantes,977,Gastronomía
restaurantes,1615,Gastronomía
restaurantes,1144,Gastronomía
restaurantes,1190,Gastronomía
restaurantes,1674,Gastronomía
restaurantes,1280,Gastronomía
restaurantes,1565,Gastronomía
restaurantes,1294,Gastronomía
restaurantes,1100,Gastronomía
restaurantes,830,Gastronomía
restaurantes,1335,Gastronomía
restaurantes,1233,Gastronomía
restaurantes,988,Gastronomía
restaurantes,818,Gastronomía
restaurantes,1830,Gastronomía
restaurantes,1305,Gastronomía
restaurantes,601,Gastronomía
restaurantes,994,Gastronomía
restaurantes,1669,Gastronomía
restaurantes,1709,Gastronomía
restaurantes,889,Gastronomía
restaurantes,1197,Gastronomía
restaurantes,1246,Gastronomía
restaurantes,766,Gastronomía
restaurantes,918,Gastronomía
restaurantes,853,Gastronomía
restaurantes,1474,Gastronomía
restaurantes,814,Gastronomía
restaurantes,1024,Gastronomía
restaurantes,717,Gastronomía
